requirement,level,chapter,description,disposition,evidence,rationale,owner
V1.1.1,2,Encoding and Sanitization,"Verify that input is decoded or unescaped into a canonical form only once, it is only decoded when encoded data in that form is expected, and that this is done before processing the input further, for example it is not performed after input validation or sanitization.",PASS,test:tests/test_asvs_tripwires.py#test_url_decoding_only_for_the_client_credential test:java-backend/src/test/java/ge/magti/portal/security/CorporateAuthClientTest.java#sendsTheSampleRequestAsAFormPostAndReadsWhoSignedIn,"Spring/Tomcat decode request parameters and JSON exactly once, before binding and validation. The only manual decoding is of the configured client credential (RFC 6749 form encoding); the tripwire fails the build if decoding appears elsewhere.",Backend + Security
V1.1.2,2,Encoding and Sanitization,Verify that the application performs output encoding and escaping either as a final step before being used by the interpreter for which it is intended or by the interpreter itself.,PASS,test:java-backend/src/test/java/ge/magti/portal/content/ArticleHtmlSanitizerTest.java#stripsTheAdversarialEventHandlerBattery test:java-backend/src/test/java/ge/magti/portal/export/ExportCellSanitizerTest.java#prependsQuoteForEachFormulaTriggerCharacter test:tests/test_asvs_tripwires.py#test_trust_bypass_only_for_the_youtube_embed,"Output is encoded by the interpreter that consumes it: Angular interpolation, Jackson for JSON, bind variables for SQL, the spreadsheet formula guard for CSV/XLSX. Rich text is sanitised on the server before storage and again by Angular at render.",Backend + Security
V1.2.1,1,Encoding and Sanitization,"Verify that output encoding for an HTTP response, HTML document, or XML document is relevant for the context required, such as encoding the relevant characters for HTML elements, HTML attributes, HTML comments, CSS, or HTTP header fields, to avoid changing the message or document structure.",PASS,test:java-backend/src/test/java/ge/magti/portal/content/ArticleHtmlSanitizerTest.java#removesExecutableMarkupButKeepsQuillStructure test:java-backend/src/test/java/ge/magti/portal/web/UploadControllerIntegrationTest.java#aStoredPolyglotIsServedAsAnInertImage test:tests/test_asvs_tripwires.py#test_trust_bypass_only_for_the_youtube_embed,HTML is produced only by Angular templates (context-aware escaping) and by jsoup's safelist; header values (Content-Disposition) are server-generated names.,Backend + Security
V1.2.2,1,Encoding and Sanitization,"Verify that when dynamically building URLs, untrusted data is encoded according to its context (e.g., URL encoding or base64url encoding for query or path parameters). Ensure that only safe URL protocols are permitted (e.g., disallow javascript: or data:).",PASS,"test:java-backend/src/test/java/ge/magti/portal/content/ArticleHtmlSanitizerTest.java#preservesPrivateRelativeUploadsAndSafeExternalLinks test:angular-frontend/src/app/shared/youtube.spec.ts#an_embed_address_always_points_at_www.youtube.com,_whatever_it_is_given test:tests/test_asvs_tripwires.py#test_trust_bypass_only_for_the_youtube_embed","Query and path parameters go through HttpParams/encodeURIComponent. Stored links keep only http, https and mailto (jsoup). The one trust bypass builds https://www.youtube.com/embed/ from an 11-character id, so no input can change scheme or host.",Backend + Security
V1.2.3,1,Encoding and Sanitization,"Verify that output encoding or escaping is used when dynamically building JavaScript content (including JSON), to avoid changing the message or document structure (to avoid JavaScript and JSON injection).",PASS,test:tests/test_asvs_tripwires.py#test_no_json_built_by_hand test:java-backend/src/test/java/ge/magti/portal/web/GlobalExceptionHandlerTest.java#theResponseNeverEchoesTheExceptionMessage,JSON is written by Jackson; the only literal JSON is a constant 401 body in SecurityConfig. No JavaScript is generated on the server.,Backend + Security
V1.2.4,1,Encoding and Sanitization,"Verify that data selection or database queries (e.g., SQL, HQL, NoSQL, Cypher) use parameterized queries, ORMs, entity frameworks, or are otherwise protected from SQL Injection and other database injection attacks. This is also relevant when writing stored procedures.",PASS,test:java-backend/src/test/java/ge/magti/portal/web/SearchControllerIntegrationTest.java#sqlMetacharactersInASearchAreMatchedLiterally test:java-backend/src/test/java/ge/magti/portal/web/AuditLogControllerIntegrationTest.java#sqlMetacharactersInTheFreeTextFilterAreMatchedLiterally test:tests/test_asvs_tripwires.py#test_sql_is_never_built_from_request_values,"JPA/JPQL with named parameters and JdbcTemplate with bind variables. Concatenated SQL fragments are constants; the tripwire pins that, and the two tests send quote, comment and wildcard characters through the free-text filters.",Backend + Security
V1.2.5,1,Encoding and Sanitization,Verify that the application protects against OS command injection and that operating system calls use parameterized OS queries or use contextual command line output encoding.,N/A,test:tests/test_asvs_tripwires.py#test_no_os_command_execution,No operating-system command is executed anywhere in the backend.,Backend + Security
V1.2.6,2,Encoding and Sanitization,"Verify that the application protects against LDAP injection vulnerabilities, or that specific security controls to prevent LDAP injection have been implemented.",N/A,test:tests/test_asvs_tripwires.py#test_no_ldap_or_jndi_lookups test:java-backend/src/test/java/ge/magti/portal/security/CorporateAuthClientTest.java#sendsTheSampleRequestAsAFormPostAndReadsWhoSignedIn,The portal builds no LDAP query. The directory lookup happens inside the company's token endpoint (ldap_auth); the portal sends the username form-encoded. Whether that endpoint escapes it in its LDAP filter is IT's (asked in QUESTIONS_FOR_IT №13).,Backend + Security
V1.2.7,2,Encoding and Sanitization,Verify that the application is protected against XPath injection attacks by using query parameterization or precompiled queries.,N/A,test:tests/test_asvs_tripwires.py#test_no_xml_parsing,"No XML is parsed; XLSX exports are written, never read.",Backend + Security
V1.2.8,2,Encoding and Sanitization,"Verify that LaTeX processors are configured securely (such as not using the ""--shell-escape"" flag) and an allowlist of commands is used to prevent LaTeX injection attacks.",N/A,test:tests/test_asvs_tripwires.py#test_no_os_command_execution,No LaTeX or other document processor is invoked; PDFs are drawn with PDFBox.,Backend + Security
V1.2.9,2,Encoding and Sanitization,Verify that the application escapes special characters in regular expressions (typically using a backslash) to prevent them from being misinterpreted as metacharacters.,PASS,test:tests/test_asvs_tripwires.py#test_no_regex_built_from_input test:java-backend/src/test/java/ge/magti/portal/search/SearchQueryServiceSplitWordsTest.java#splitsOnWhitespaceAndDropsPunctuationOnlyTokens,No regular expression is compiled from user input on either side; search terms are split on whitespace and matched with LIKE.,Backend + Security
V1.2.10,3,Encoding and Sanitization,"Verify that the application is protected against CSV and Formula Injection. The application must follow the escaping rules defined in RFC 4180 sections 2.6 and 2.7 when exporting CSV content. Additionally, when exporting to CSV or other spreadsheet formats (such as XLS, XLSX, or ODF), special characters (including '=', '+', '-', '@', '\t' (tab), and '\0' (null character)) must be escaped with a single quote if they appear as the first character in a field value.",OUT_OF_TARGET_LEVEL,ledger:D1,"L3: outside the target level the owner set (L2, ledger D1).",Backend + Security
V1.3.1,1,Encoding and Sanitization,Verify that all untrusted HTML input from WYSIWYG editors or similar is sanitized using a well-known and secure HTML sanitization library or framework feature.,PASS,test:java-backend/src/test/java/ge/magti/portal/content/ArticleHtmlSanitizerTest.java#stripsTheAdversarialEventHandlerBattery test:java-backend/src/test/java/ge/magti/portal/content/ArticleHtmlSanitizerTest.java#removesExecutableMarkupButKeepsQuillStructure,Quill (WYSIWYG) HTML is cleaned with jsoup Safelist.relaxed on the server before persistence; Angular's sanitizer applies again at render.,Backend + Security
V1.3.2,1,Encoding and Sanitization,"Verify that the application avoids the use of eval() or other dynamic code execution features such as Spring Expression Language (SpEL). Where there is no alternative, any user input being included must be sanitized before being executed.",PASS,test:tests/test_asvs_tripwires.py#test_no_dynamic_code_in_the_browser test:tests/test_asvs_tripwires.py#test_no_expression_or_template_engines,"No eval, new Function, string timers or SpEL on input; the CSP has no 'unsafe-eval'.",Backend + Security
V1.3.3,2,Encoding and Sanitization,"Verify that data being passed to a potentially dangerous context is sanitized beforehand to enforce safety measures, such as only allowing characters which are safe for this context and trimming input which is too long.",PASS,test:java-backend/src/test/java/ge/magti/portal/export/ExportCellSanitizerTest.java#prependsQuoteForEachFormulaTriggerCharacter test:java-backend/src/test/java/ge/magti/portal/storage/FileStorageServiceTest.java#aTraversingNameIsRejectedBeforeTheDatabaseIsEvenAsked,Data headed for spreadsheets is formula-guarded; stored file names are server-generated and a traversing name is refused.,Backend + Security
V1.3.4,2,Encoding and Sanitization,"Verify that user-supplied Scalable Vector Graphics (SVG) scriptable content is validated or sanitized to contain only tags and attributes (such as draw graphics) that are safe for the application, e.g., do not contain scripts and foreignObject.",PASS,test:java-backend/src/test/java/ge/magti/portal/storage/FileTypeVerifierTest.java#svgDeclaredAsAJpegIsRejected test:java-backend/src/test/java/ge/magti/portal/web/UploadControllerIntegrationTest.java#disallowedMimeTypeIsRejected,SVG is not an accepted upload type and cannot be smuggled in under an image type; rich text cannot carry <svg> (jsoup safelist).,Backend + Security
V1.3.5,2,Encoding and Sanitization,"Verify that the application sanitizes or disables user-supplied scriptable or expression template language content, such as Markdown, CSS or XSL stylesheets, BBCode, or similar.",PASS,test:java-backend/src/test/java/ge/magti/portal/content/ArticleHtmlSanitizerTest.java#stripsTheAdversarialEventHandlerBattery,"No Markdown, BBCode, XSL or user CSS is interpreted; inline style attributes are removed by the sanitiser.",Backend + Security
V1.3.6,2,Encoding and Sanitization,"Verify that the application protects against Server-side Request Forgery (SSRF) attacks, by validating untrusted data against an allowlist of protocols, domains, paths and ports and sanitizing potentially dangerous characters before using the data to call another service.",PASS,test:tests/test_asvs_tripwires.py#test_outbound_http_only_to_the_directory,"The backend makes exactly one kind of outbound call, to the configured directory token endpoint; no URL from a request is ever fetched.",Backend + Security
V1.3.7,2,Encoding and Sanitization,"Verify that the application protects against template injection attacks by not allowing templates to be built based on untrusted input. Where there is no alternative, any untrusted input being included dynamically during template creation must be sanitized or strictly validated.",N/A,test:tests/test_asvs_tripwires.py#test_no_expression_or_template_engines,No server-side template engine is present.,Backend + Security
V1.3.8,2,Encoding and Sanitization,Verify that the application appropriately sanitizes untrusted input before use in Java Naming and Directory Interface (JNDI) queries and that JNDI is configured securely to prevent JNDI injection attacks.,N/A,test:tests/test_asvs_tripwires.py#test_no_ldap_or_jndi_lookups,No JNDI lookup is performed.,Backend + Security
V1.3.9,2,Encoding and Sanitization,Verify that the application sanitizes content before it is sent to memcache to prevent injection attacks.,N/A,test:tests/test_asvs_tripwires.py#test_no_memcache_or_redis_client,No memcache/Redis client is used; caches are in-process maps.,Backend + Security
V1.3.10,2,Encoding and Sanitization,Verify that format strings which might resolve in an unexpected or malicious way when used are sanitized before being processed.,PASS,test:tests/test_asvs_tripwires.py#test_format_strings_are_literals,Every String.format / formatted() call uses a literal format string.,Backend + Security
V1.3.11,2,Encoding and Sanitization,Verify that the application sanitizes user input before passing to mail systems to protect against SMTP or IMAP injection.,N/A,test:tests/test_asvs_tripwires.py#test_no_mail_client,The application sends no e-mail.,Backend + Security
V1.3.12,3,Encoding and Sanitization,"Verify that regular expressions are free from elements causing exponential backtracking, and ensure untrusted input is sanitized to mitigate ReDoS or Runaway Regex attacks.",OUT_OF_TARGET_LEVEL,ledger:D1,"L3: outside the target level the owner set (L2, ledger D1).",Backend + Security
V1.4.1,2,Encoding and Sanitization,"Verify that the application uses memory-safe string, safer memory copy and pointer arithmetic to detect or prevent stack, buffer, or heap overflows.",N/A,test:tests/test_asvs_tripwires.py#test_no_memory_unsafe_code,"Java and TypeScript are memory-safe; no JNI, native methods or sun.misc.Unsafe.",Backend + Security
V1.4.2,2,Encoding and Sanitization,"Verify that sign, range, and input validation techniques are used to prevent integer overflows.",PASS,test:java-backend/src/test/java/ge/magti/portal/web/GlobalExceptionHandlerTest.java#anUnbindablePathParameterBecomesA400WithoutCorrelationId test:java-backend/src/test/java/ge/magti/portal/query/CompleteResultGuardTest.java#collectionOrExpandedResponseFailsLoudlyOnOverflow,Numeric input binds into typed fields and out-of-range values are refused (400); list sizes are bounded by CompleteResultGuard.,Backend + Security
V1.4.3,2,Encoding and Sanitization,"Verify that dynamically allocated memory and resources are released, and that references or pointers to freed memory are removed or set to null to prevent dangling pointers and use-after-free vulnerabilities.",N/A,test:tests/test_asvs_tripwires.py#test_no_memory_unsafe_code,Memory is managed by the JVM and the browser; there is no manual allocation.,Backend + Security
V1.5.1,1,Encoding and Sanitization,Verify that the application configures XML parsers to use a restrictive configuration and that unsafe features such as resolving external entities are disabled to prevent XML eXternal Entity (XXE) attacks.,N/A,test:tests/test_asvs_tripwires.py#test_no_xml_parsing,No XML parser is instantiated.,Backend + Security
V1.5.2,2,Encoding and Sanitization,"Verify that deserialization of untrusted data enforces safe input handling, such as using an allowlist of object types or restricting client-defined object types, to prevent deserialization attacks. Deserialization mechanisms that are explicitly defined as insecure must not be used with untrusted input.",PASS,test:tests/test_asvs_tripwires.py#test_no_native_deserialization,"Only JSON is deserialised, by Jackson into fixed record types without polymorphic default typing; no ObjectInputStream or XMLDecoder.",Backend + Security
V1.5.3,3,Encoding and Sanitization,"Verify that different parsers used in the application for the same data type (e.g., JSON parsers, XML parsers, URL parsers), perform parsing in a consistent way and use the same character encoding mechanism to avoid issues such as JSON Interoperability vulnerabilities or different URI or file parsing behavior being exploited in Remote File Inclusion (RFI) or Server-side Request Forgery (SSRF) attacks.",OUT_OF_TARGET_LEVEL,ledger:D1,"L3: outside the target level the owner set (L2, ledger D1).",Backend + Security
V2.1.1,1,Validation and Business Logic,"Verify that the application's documentation defines input validation rules for how to check the validity of data items against an expected structure. This could be common data formats such as credit card numbers, email addresses, telephone numbers, or it could be an internal data format.",PASS,file:docs/api-contract/openapi.json file:docs/security/SECURITY_CONTROLS_KA.md,Request shapes and constraints are in the OpenAPI contract; the controls document states the validation rules per input family.,Backend + Security
V2.1.2,2,Validation and Business Logic,"Verify that the application's documentation defines how to validate the logical and contextual consistency of combined data items, such as checking that suburb and ZIP code match.",PASS,file:docs/security/SECURITY_CONTROLS_KA.md file:docs/PRODUCT_OWNER_DECISIONS_KA.md,"Combined-field rules (status/draft/schedule, targeting, quiz versions) are recorded as owner decisions and summarised in the controls document.",Backend + Security
V2.1.3,2,Validation and Business Logic,"Verify that expectations for business logic limits and validations are documented, including both per-user and globally across the application.",PASS,file:docs/security/SECURITY_CONTROLS_KA.md,"Per-user and global limits (sign-in throttle, upload size, result caps, export lifetime, reminder cooldown) are listed in one table.",Backend + Security
V2.2.1,1,Validation and Business Logic,"Verify that input is validated to enforce business or functional expectations for that input. This should either use positive validation against an allow list of values, patterns, and ranges, or be based on comparing the input to an expected structure and logical limits according to predefined rules. For L1, this can focus on input which is used to make specific business or security decisions. For L2 and up, this should apply to all input.",PASS,test:java-backend/src/test/java/ge/magti/portal/web/ArticleRequestStatusValidationTest.java#rejectsAnUnknownStatus test:java-backend/src/test/java/ge/magti/portal/web/AuditLogControllerIntegrationTest.java#malformedAuditUserFilterIsRejectedBeforeQuery,Requests bind into records with Jakarta constraints and enum/allowlist checks; invalid input is refused before any data access.,Backend + Security
V2.2.2,1,Validation and Business Logic,"Verify that the application is designed to enforce input validation at a trusted service layer. While client-side validation improves usability and should be encouraged, it must not be relied upon as a security control.",PASS,test:java-backend/src/test/java/ge/magti/portal/web/ArticleRequestDraftConsistencyTest.java#theConstraintIsActuallyWiredIntoBeanValidation test:java-backend/src/test/java/ge/magti/portal/web/DenyByDefaultIntegrationTest.java#anEndpointThatForgotItsGuardIsStillClosedToAnonymousCallers,All validation that matters runs on the server; the Angular checks are convenience only.,Backend + Security
V2.2.3,2,Validation and Business Logic,Verify that the application ensures that combinations of related data items are reasonable according to the pre-defined rules.,PASS,test:java-backend/src/test/java/ge/magti/portal/web/ArticleRequestDraftConsistencyTest.java#anExplicitDraftMayNotAlsoBePublished,"Combinations (draft flag vs status, schedule vs expiry, quiz article/version) are checked together.",Backend + Security
V2.3.1,1,Validation and Business Logic,Verify that the application will only process business logic flows for the same user in the expected sequential step order and without skipping steps.,PASS,test:java-backend/src/test/java/ge/magti/portal/web/ExportControllerDownloadTest.java#aStillBuildingJobIsAcceptedNotNotFound test:java-backend/src/test/java/ge/magti/portal/web/ExportControllerDownloadTest.java#aFailedJobSaysFailedInsteadOfNotReadyYet,"Multi-step flows (export build then download, reading then quiz) enforce their order on the server.",Backend + Security
V2.3.2,2,Validation and Business Logic,Verify that business logic limits are implemented per the application's documentation to avoid business logic flaws being exploited.,PASS,test:java-backend/src/test/java/ge/magti/portal/security/LoginRateLimiterTest.java#allowsUpToTenAttemptsPerAccountThenRejectsTheEleventh test:java-backend/src/test/java/ge/magti/portal/web/UploadSizeLimitIntegrationTest.java#anUploadOverTheTransportLimitIsRefusedAsTheSendersErrorNotTheServers,The documented limits are implemented and tested.,Backend + Security
V2.3.3,2,Validation and Business Logic,Verify that transactions are being used at the business logic level such that either a business logic operation succeeds in its entirety or it is rolled back to the previous correct state.,PASS,test:java-backend/src/test/java/ge/magti/portal/web/ReadingAcknowledgementRollbackIntegrationTest.java#auditFailureRollsBackReadStatusAndArticleReceipt test:java-backend/src/test/java/ge/magti/portal/audit/MutationAuditTransactionIntegrationTest.java#databaseAuditFailureRollsBackTheBusinessMutation,Mutations and their audit rows commit or roll back together.,Backend + Security
V2.3.4,2,Validation and Business Logic,Verify that business logic level locking mechanisms are used to ensure that limited quantity resources (such as theater seats or delivery slots) cannot be double-booked by manipulating the application's logic.,PASS,test:java-backend/src/test/java/ge/magti/portal/web/ConcurrentQuizAttemptIntegrationTest.java#twoSubmissionsInFlightGetTwoAttemptNumbers test:java-backend/src/test/java/ge/magti/portal/quiz/QuizAttemptNumberConstraintIntegrationTest.java#aSecondAttemptWithTheSameNumberIsRefused test:java-backend/src/test/java/ge/magti/portal/web/ConcurrentUpsertIntegrationTest.java#aDuplicateBookmarkThatWaitedOnTheFirstIsReturnedNotRejected,Numbered or unique resources are allocated under row locks and unique constraints; concurrent duplicates are tested.,Backend + Security
V2.3.5,3,Validation and Business Logic,"Verify that high-value business logic flows require multi-user approval to prevent unauthorized or accidental actions. This could include but is not limited to large monetary transfers, contract approvals, access to classified information, or safety overrides in manufacturing.",OUT_OF_TARGET_LEVEL,ledger:D1,"L3: outside the target level the owner set (L2, ledger D1).",Backend + Security
V2.4.1,2,Validation and Business Logic,"Verify that anti-automation controls are in place to protect against excessive calls to application functions that could lead to data exfiltration, garbage-data creation, quota exhaustion, rate-limit breaches, denial-of-service, or overuse of costly resources.",RISK_ACCEPTED,ledger:D7 file:docs/security/SECURITY_CONTROLS_KA.md,"Sign-in and reminders are rate-limited and result sizes are capped, but authenticated calls in general (search, exports, bookmarks) have no per-user rate limit. Every caller is an authenticated employee and every write is audited. Accepted by the owner (ledger D7, 2026-09-26). Revisit if the portal is ever reachable from outside the company network.",Backend + Security
V2.4.2,3,Validation and Business Logic,"Verify that business logic flows require realistic human timing, preventing excessively rapid transaction submissions.",OUT_OF_TARGET_LEVEL,ledger:D1,"L3: outside the target level the owner set (L2, ledger D1).",Backend + Security
V3.1.1,3,Web Frontend Security,"Verify that application documentation states the expected security features that browsers using the application must support (such as HTTPS, HTTP Strict Transport Security (HSTS), Content Security Policy (CSP), and other relevant HTTP security mechanisms). It must also define how the application must behave when some of these features are not available (such as warning the user or blocking access).",OUT_OF_TARGET_LEVEL,ledger:D1,"L3: outside the target level the owner set (L2, ledger D1).",Backend + Security
V3.2.1,1,Web Frontend Security,"Verify that security controls are in place to prevent browsers from rendering content or functionality in HTTP responses in an incorrect context (e.g., when an API, a user-uploaded file or other resource is requested directly). Possible controls could include: not serving the content unless HTTP request header fields (such as Sec-Fetch-\*) indicate it is the correct context, using the sandbox directive of the Content-Security-Policy header field or using the attachment disposition type in the Content-Disposition header field.",PASS,test:java-backend/src/test/java/ge/magti/portal/web/UploadControllerIntegrationTest.java#aStoredPolyglotIsServedAsAnInertImage test:java-backend/src/test/java/ge/magti/portal/web/SecurityHeadersIntegrationTest.java#apiResponsesCannotBeSniffedFramedOrCached,"API responses are JSON with nosniff; files are served with their verified type, nosniff and no-store.",Backend + Security
V3.2.2,1,Web Frontend Security,"Verify that content intended to be displayed as text, rather than rendered as HTML, is handled using safe rendering functions (such as createTextNode or textContent) to prevent unintended execution of content such as HTML or JavaScript.",PASS,test:tests/test_asvs_tripwires.py#test_inner_html_only_for_sanitised_article_content test:angular-frontend/src/app/shared/format-article-content.spec.ts#leaves_genuine_external_operational_links_unchanged,Text is rendered through Angular interpolation; [innerHTML] is used only for sanitised article/news bodies.,Backend + Security
V3.2.3,3,Web Frontend Security,"Verify that the application avoids DOM clobbering when using client-side JavaScript by employing explicit variable declarations, performing strict type checking, avoiding storing global variables on the document object, and implementing namespace isolation.",OUT_OF_TARGET_LEVEL,ledger:D1,"L3: outside the target level the owner set (L2, ledger D1).",Backend + Security
V3.3.1,1,Web Frontend Security,"Verify that cookies have the 'Secure' attribute set, and if the '\__Host-' prefix is not used for the cookie name, the '__Secure-' prefix must be used for the cookie name.",PASS,test:java-backend/src/test/java/ge/magti/portal/web/SecureCookieIntegrationTest.java#theSessionCookieIsHostPrefixedSecureAndHttpOnly test:java-backend/src/test/java/ge/magti/portal/web/SecureCookieIntegrationTest.java#onlyTheHostPrefixedCookieAuthenticates,"The session cookie is __Host-access_token (Secure, Path=/, no Domain) whenever cookies are Secure, which production enforces.",Backend + Security
V3.3.2,2,Web Frontend Security,"Verify that each cookie's 'SameSite' attribute value is set according to the purpose of the cookie, to limit exposure to user interface redress attacks and browser-based request forgery attacks, commonly known as cross-site request forgery (CSRF).",PASS,test:java-backend/src/test/java/ge/magti/portal/web/SecureCookieIntegrationTest.java#theSessionCookieIsHostPrefixedSecureAndHttpOnly test:java-backend/src/test/java/ge/magti/portal/config/ProductionSafetyGuardTest.java#productionWithNonStrictSameSiteFailsLoud,Both cookies are SameSite=Strict; production refuses to start with anything weaker.,Backend + Security
V3.3.3,2,Web Frontend Security,Verify that cookies have the '__Host-' prefix for the cookie name unless they are explicitly designed to be shared with other hosts.,PASS,test:java-backend/src/test/java/ge/magti/portal/web/SecureCookieIntegrationTest.java#theSessionCookieIsHostPrefixedSecureAndHttpOnly test:java-backend/src/test/java/ge/magti/portal/web/SecureCookieIntegrationTest.java#theCsrfCookieIsHostPrefixedWhenSecure,Both cookies carry the __Host- prefix in production.,Backend + Security
V3.3.4,2,Web Frontend Security,"Verify that if the value of a cookie is not meant to be accessible to client-side scripts (such as a session token), the cookie must have the 'HttpOnly' attribute set and the same value (e. g. session token) must only be transferred to the client via the 'Set-Cookie' header field.",RISK_ACCEPTED,ledger:D7 test:java-backend/src/test/java/ge/magti/portal/web/AuthControllerIntegrationTest.java#loginWithKnownTestEmailIssuesTokenAndSetsCookie,"The session cookie is HttpOnly, but the login response body also carries the same token for scripted clients (seeders, load tools, E2E helpers). The SPA reads it once for claims and keeps it nowhere. Remedy if required: return it only when the client opts in. Accepted by the owner (ledger D7, 2026-09-26).",Backend + Security
V3.3.5,3,Web Frontend Security,"Verify that when the application writes a cookie, the cookie name and value length combined are not over 4096 bytes. Overly large cookies will not be stored by the browser and therefore not sent with requests, preventing the user from using application functionality which relies on that cookie.",OUT_OF_TARGET_LEVEL,ledger:D1,"L3: outside the target level the owner set (L2, ledger D1).",Backend + Security
V3.4.1,1,Web Frontend Security,"Verify that a Strict-Transport-Security header field is included on all responses to enforce an HTTP Strict Transport Security (HSTS) policy. A maximum age of at least 1 year must be defined, and for L2 and up, the policy must apply to all subdomains as well.",EXTERNAL_BLOCKED,it:4 ledger:B4,"TLS terminates at the company ingress, so HSTS (max-age >= 1 year, includeSubDomains) belongs there; nginx.conf.template records the decision.",Backend + Security
V3.4.2,1,Web Frontend Security,"Verify that the Cross-Origin Resource Sharing (CORS) Access-Control-Allow-Origin header field is a fixed value by the application, or if the Origin HTTP request header field value is used, it is validated against an allowlist of trusted origins. When 'Access-Control-Allow-Origin: *' needs to be used, verify that the response does not include any sensitive information.",PASS,test:java-backend/src/test/java/ge/magti/portal/web/SecurityHeadersIntegrationTest.java#aCrossOriginRequestGetsNoCorsGrant,No CORS configuration exists; a request with a foreign Origin gets no Access-Control-Allow-Origin.,Backend + Security
V3.4.3,2,Web Frontend Security,"Verify that HTTP responses include a Content-Security-Policy response header field which defines directives to ensure the browser only loads and executes trusted content or resources, in order to limit execution of malicious JavaScript. As a minimum, a global policy must be used which includes the directives object-src 'none' and base-uri 'none' and defines either an allowlist or uses nonces or hashes. For an L3 application, a per-response policy with nonces or hashes must be defined.",RISK_ACCEPTED,ledger:D7 test:angular-frontend/e2e/nginx-headers.spec.ts#the_page_and_its_assets_carry_the_security_headers,"The CSP has object-src 'none', script-src 'self' and frame-ancestors 'none', but base-uri is 'self', not 'none': Angular needs <base href=""/"">. 'self' still stops a base tag pointing at another origin. Accepted by the owner (ledger D7, 2026-09-26).",Backend + Security
V3.4.4,2,Web Frontend Security,"Verify that all HTTP responses contain an 'X-Content-Type-Options: nosniff' header field. This instructs browsers not to use content sniffing and MIME type guessing for the given response, and to require the response's Content-Type header field value to match the destination resource. For example, the response to a request for a style is only accepted if the response's Content-Type is 'text/css'. This also enables the use of the Cross-Origin Read Blocking (CORB) functionality by the browser.",PASS,test:angular-frontend/e2e/nginx-headers.spec.ts#the_page_and_its_assets_carry_the_security_headers test:java-backend/src/test/java/ge/magti/portal/web/SecurityHeadersIntegrationTest.java#apiResponsesCannotBeSniffedFramedOrCached,nosniff on every static response (nginx) and every backend response (Spring Security).,Backend + Security
V3.4.5,2,Web Frontend Security,"Verify that the application sets a referrer policy to prevent leakage of technically sensitive data to third-party services via the 'Referer' HTTP request header field. This can be done using the Referrer-Policy HTTP response header field or via HTML element attributes. Sensitive data could include path and query data in the URL, and for internal non-public applications also the hostname.",PASS,test:angular-frontend/e2e/nginx-headers.spec.ts#the_page_and_its_assets_carry_the_security_headers,Referrer-Policy: no-referrer on the document.,Backend + Security
V3.4.6,2,Web Frontend Security,"Verify that the web application uses the frame-ancestors directive of the Content-Security-Policy header field for every HTTP response to ensure that it cannot be embedded by default and that embedding of specific resources is allowed only when necessary. Note that the X-Frame-Options header field, although supported by browsers, is obsolete and may not be relied upon.",PASS,test:angular-frontend/e2e/nginx-headers.spec.ts#the_page_and_its_assets_carry_the_security_headers test:java-backend/src/test/java/ge/magti/portal/web/SecurityHeadersIntegrationTest.java#apiResponsesCannotBeSniffedFramedOrCached,frame-ancestors 'none' on the page (nginx CSP) and on every backend response.,Backend + Security
V3.4.7,3,Web Frontend Security,Verify that the Content-Security-Policy header field specifies a location to report violations.,OUT_OF_TARGET_LEVEL,ledger:D1,"L3: outside the target level the owner set (L2, ledger D1).",Backend + Security
V3.4.8,3,Web Frontend Security,"Verify that all HTTP responses that initiate a document rendering (such as responses with Content-Type text/html), include the Cross‑Origin‑Opener‑Policy header field with the same-origin directive or the same-origin-allow-popups directive as required. This prevents attacks that abuse shared access to Window objects, such as tabnabbing and frame counting.",OUT_OF_TARGET_LEVEL,ledger:D1,"L3: outside the target level the owner set (L2, ledger D1).",Backend + Security
V3.5.1,1,Web Frontend Security,"Verify that, if the application does not rely on the CORS preflight mechanism to prevent disallowed cross-origin requests to use sensitive functionality, these requests are validated to ensure they originate from the application itself. This may be done by using and validating anti-forgery tokens or requiring extra HTTP header fields that are not CORS-safelisted request-header fields. This is to defend against browser-based request forgery attacks, commonly known as cross-site request forgery (CSRF).",PASS,test:java-backend/src/test/java/ge/magti/portal/security/SecurityConfigIntegrationTest.java#aStateChangingRequestWithoutTheCsrfTokenIsRefused test:java-backend/src/test/java/ge/magti/portal/security/SecurityConfigIntegrationTest.java#theCsrfCookieExpiresWithTheSessionItProtects,Cookie-authenticated state changes need the double-submit CSRF token; cookies are SameSite=Strict.,Backend + Security
V3.5.2,1,Web Frontend Security,"Verify that, if the application relies on the CORS preflight mechanism to prevent disallowed cross-origin use of sensitive functionality, it is not possible to call the functionality with a request which does not trigger a CORS-preflight request. This may require checking the values of the 'Origin' and 'Content-Type' request header fields or using an extra header field that is not a CORS-safelisted header-field.",N/A,file:java-backend/src/main/java/ge/magti/portal/security/SecurityConfig.java,The application does not rely on CORS preflight; forgery is stopped by the CSRF token (V3.5.1).,Backend + Security
V3.5.3,1,Web Frontend Security,"Verify that HTTP requests to sensitive functionality use appropriate HTTP methods such as POST, PUT, PATCH, or DELETE, and not methods defined by the HTTP specification as ""safe"" such as HEAD, OPTIONS, or GET. Alternatively, strict validation of the Sec-Fetch-* request header fields can be used to ensure that the request did not originate from an inappropriate cross-origin call, a navigation request, or a resource load (such as an image source) where this is not expected.",PASS,test:tests/test_asvs_tripwires.py#test_get_handlers_do_not_change_state test:java-backend/src/test/java/ge/magti/portal/web/DenyByDefaultIntegrationTest.java#logoutIsNoLongerReachableWithoutASession,"Every state change is POST, PUT, PATCH or DELETE; GET handlers only read (view counters aside, which are telemetry, not functions).",Backend + Security
V3.5.4,2,Web Frontend Security,"Verify that separate applications are hosted on different hostnames to leverage the restrictions provided by same-origin policy, including how documents or scripts loaded by one origin can interact with resources from another origin and hostname-based restrictions on cookies.",EXTERNAL_BLOCKED,it:4 ledger:B4,"The portal must be served from its own hostname, not a path of a shared host. The ingress host is IT-12.",Backend + Security
V3.5.5,2,Web Frontend Security,"Verify that messages received by the postMessage interface are discarded if the origin of the message is not trusted, or if the syntax of the message is invalid.",N/A,test:tests/test_asvs_tripwires.py#test_no_postmessage_listeners,No postMessage listener exists.,Backend + Security
V3.5.6,3,Web Frontend Security,Verify that JSONP functionality is not enabled anywhere across the application to avoid Cross-Site Script Inclusion (XSSI) attacks.,OUT_OF_TARGET_LEVEL,ledger:D1,"L3: outside the target level the owner set (L2, ledger D1).",Backend + Security
V3.5.7,3,Web Frontend Security,"Verify that data requiring authorization is not included in script resource responses, like JavaScript files, to prevent Cross-Site Script Inclusion (XSSI) attacks.",OUT_OF_TARGET_LEVEL,ledger:D1,"L3: outside the target level the owner set (L2, ledger D1).",Backend + Security
V3.5.8,3,Web Frontend Security,"Verify that authenticated resources (such as images, videos, scripts, and other documents) can be loaded or embedded on behalf of the user only when intended. This can be accomplished by strict validation of the Sec-Fetch-* HTTP request header fields to ensure that the request did not originate from an inappropriate cross-origin call, or by setting a restrictive Cross-Origin-Resource-Policy HTTP response header field to instruct the browser to block returned content.",OUT_OF_TARGET_LEVEL,ledger:D1,"L3: outside the target level the owner set (L2, ledger D1).",Backend + Security
V3.6.1,3,Web Frontend Security,"Verify that client-side assets, such as JavaScript libraries, CSS, or web fonts, are only hosted externally (e.g., on a Content Delivery Network) if the resource is static and versioned and Subresource Integrity (SRI) is used to validate the integrity of the asset. If this is not possible, there should be a documented security decision to justify this for each resource.",OUT_OF_TARGET_LEVEL,ledger:D1,"L3: outside the target level the owner set (L2, ledger D1).",Backend + Security
V3.7.1,2,Web Frontend Security,"Verify that the application only uses client-side technologies which are still supported and considered secure. Examples of technologies which do not meet this requirement include NSAPI plugins, Flash, Shockwave, ActiveX, Silverlight, NACL, or client-side Java applets.",PASS,test:tests/test_asvs_tripwires.py#test_no_plugin_content,"Angular 22 in current Chrome; no plugin content, and the CSP sets object-src 'none'.",Backend + Security
V3.7.2,2,Web Frontend Security,Verify that the application will only automatically redirect the user to a different hostname or domain (which is not controlled by the application) where the destination appears on an allowlist.,PASS,test:tests/test_asvs_tripwires.py#test_no_open_redirects test:java-backend/src/test/java/ge/magti/portal/web/AuthControllerIntegrationTest.java#ssoStartFailsClosedUntilCorporateRedirectIsImplemented,Neither side redirects to another host; the SSO redirect is not implemented and answers 503.,Backend + Security
V3.7.3,3,Web Frontend Security,"Verify that the application shows a notification when the user is being redirected to a URL outside of the application's control, with an option to cancel the navigation.",OUT_OF_TARGET_LEVEL,ledger:D1,"L3: outside the target level the owner set (L2, ledger D1).",Backend + Security
V3.7.4,3,Web Frontend Security,"Verify that the application's top-level domain (e.g., site.tld) is added to the public preload list for HTTP Strict Transport Security (HSTS). This ensures that the use of TLS for the application is built directly into the main browsers, rather than relying only on the Strict-Transport-Security response header field.",OUT_OF_TARGET_LEVEL,ledger:D1,"L3: outside the target level the owner set (L2, ledger D1).",Backend + Security
V3.7.5,3,Web Frontend Security,Verify that the application behaves as documented (such as warning the user or blocking access) if the browser used to access the application does not support the expected security features.,OUT_OF_TARGET_LEVEL,ledger:D1,"L3: outside the target level the owner set (L2, ledger D1).",Backend + Security
V4.1.1,1,API and Web Service,"Verify that every HTTP response with a message body contains a Content-Type header field that matches the actual content of the response, including the charset parameter to specify safe character encoding (e.g., UTF-8, ISO-8859-1) according to IANA Media Types, such as ""text/"", ""/+xml"" and ""/xml"".",PASS,test:angular-frontend/e2e/nginx-headers.spec.ts#the_page_and_its_assets_carry_the_security_headers test:java-backend/src/test/java/ge/magti/portal/web/AuditLogControllerIntegrationTest.java#exportStreamsFormulaInjectionSanitizedCsvForSystemAdmin test:java-backend/src/test/java/ge/magti/portal/web/UploadedFileContentTypeTest.java#utf8TextSaysSo test:java-backend/src/test/java/ge/magti/portal/web/UploadControllerIntegrationTest.java#anUploadedTextFileIsServedWithItsCharset,"Text declares its charset: nginx for the SPA's own files, explicitly for CSV exports, and by content for an uploaded .txt (UTF-16 by its byte-order mark, UTF-8 when it decodes, ISO-8859-1 otherwise). JSON is UTF-8 by definition (RFC 8259).",Backend + Security
V4.1.2,2,API and Web Service,"Verify that only user-facing endpoints (intended for manual web-browser access) automatically redirect from HTTP to HTTPS, while other services or endpoints do not implement transparent redirects. This is to avoid a situation where a client is erroneously sending unencrypted HTTP requests, but since the requests are being automatically redirected to HTTPS, the leakage of sensitive data goes undiscovered.",EXTERNAL_BLOCKED,it:4 ledger:B4,The HTTP-to-HTTPS redirect is the ingress's; the API itself is never served on plain HTTP outside the cluster.,Backend + Security
V4.1.3,2,API and Web Service,"Verify that any HTTP header field used by the application and set by an intermediary layer, such as a load balancer, a web proxy, or a backend-for-frontend service, cannot be overridden by the end-user. Example headers might include X-Real-IP, X-Forwarded-*, or X-User-ID.",EXTERNAL_BLOCKED,test:java-backend/src/test/java/ge/magti/portal/security/ClientIpResolverTest.java#anUntrustedPeerCannotSpoofItsOwnAddress test:java-backend/src/test/java/ge/magti/portal/web/ProxyLoginAttributionIntegrationTest.java#twoClientsHaveDistinctAuditAddressesAndThrottleBudgetsThroughBothProxyHops it:4 ledger:B4,"The backend trusts X-Forwarded-For only from TRUSTED_PROXIES (tested). The real ingress must overwrite, not append, the header; IT confirms.",Backend + Security
V4.1.4,3,API and Web Service,Verify that only HTTP methods that are explicitly supported by the application or its API (including OPTIONS during preflight requests) can be used and that unused methods are blocked.,OUT_OF_TARGET_LEVEL,ledger:D1,"L3: outside the target level the owner set (L2, ledger D1).",Backend + Security
V4.1.5,3,API and Web Service,Verify that per-message digital signatures are used to provide additional assurance on top of transport protections for requests or transactions which are highly sensitive or which traverse a number of systems.,OUT_OF_TARGET_LEVEL,ledger:D1,"L3: outside the target level the owner set (L2, ledger D1).",Backend + Security
V4.2.1,2,API and Web Service,"Verify that all application components (including load balancers, firewalls, and application servers) determine boundaries of incoming HTTP messages using the appropriate mechanism for the HTTP version to prevent HTTP request smuggling. In HTTP/1.x, if a Transfer-Encoding header field is present, the Content-Length header must be ignored per RFC 2616. When using HTTP/2 or HTTP/3, if a Content-Length header field is present, the receiver must ensure that it is consistent with the length of the DATA frames.",EXTERNAL_BLOCKED,test:angular-frontend/e2e/nginx-headers.spec.ts#a_request_that_declares_two_body_lengths_is_refused it:4 ledger:B4,The portal's nginx refuses a request carrying both Transfer-Encoding and Content-Length (tested). The company ingress in front of it is IT's.,Backend + Security
V4.2.2,3,API and Web Service,"Verify that when generating HTTP messages, the Content-Length header field does not conflict with the length of the content as determined by the framing of the HTTP protocol, in order to prevent request smuggling attacks.",OUT_OF_TARGET_LEVEL,ledger:D1,"L3: outside the target level the owner set (L2, ledger D1).",Backend + Security
V4.2.3,3,API and Web Service,Verify that the application does not send nor accept HTTP/2 or HTTP/3 messages with connection-specific header fields such as Transfer-Encoding to prevent response splitting and header injection attacks.,OUT_OF_TARGET_LEVEL,ledger:D1,"L3: outside the target level the owner set (L2, ledger D1).",Backend + Security
V4.2.4,3,API and Web Service,"Verify that the application only accepts HTTP/2 and HTTP/3 requests where the header fields and values do not contain any CR (\r), LF (\n), or CRLF (\r\n) sequences, to prevent header injection attacks.",OUT_OF_TARGET_LEVEL,ledger:D1,"L3: outside the target level the owner set (L2, ledger D1).",Backend + Security
V4.2.5,3,API and Web Service,"Verify that, if the application (backend or frontend) builds and sends requests, it uses validation, sanitization, or other mechanisms to avoid creating URIs (such as for API calls) or HTTP request header fields (such as Authorization or Cookie), which are too long to be accepted by the receiving component. This could cause a denial of service, such as when sending an overly long request (e.g., a long cookie header field), which results in the server always responding with an error status.",OUT_OF_TARGET_LEVEL,ledger:D1,"L3: outside the target level the owner set (L2, ledger D1).",Backend + Security
V4.3.1,2,API and Web Service,"Verify that a query allowlist, depth limiting, amount limiting, or query cost analysis is used to prevent GraphQL or data layer expression Denial of Service (DoS) as a result of expensive, nested queries.",N/A,test:tests/test_asvs_tripwires.py#test_no_websocket_graphql_or_webrtc,No GraphQL or query-language endpoint.,Backend + Security
V4.3.2,2,API and Web Service,Verify that GraphQL introspection queries are disabled in the production environment unless the GraphQL API is meant to be used by other parties.,N/A,test:tests/test_asvs_tripwires.py#test_no_websocket_graphql_or_webrtc,No GraphQL.,Backend + Security
V4.4.1,1,API and Web Service,Verify that WebSocket over TLS (WSS) is used for all WebSocket connections.,N/A,test:tests/test_asvs_tripwires.py#test_no_websocket_graphql_or_webrtc,"No WebSocket; live updates, if any, are plain HTTP.",Backend + Security
V4.4.2,2,API and Web Service,"Verify that, during the initial HTTP WebSocket handshake, the Origin header field is checked against a list of origins allowed for the application.",N/A,test:tests/test_asvs_tripwires.py#test_no_websocket_graphql_or_webrtc,No WebSocket.,Backend + Security
V4.4.3,2,API and Web Service,"Verify that, if the application's standard session management cannot be used, dedicated tokens are being used for this, which comply with the relevant Session Management security requirements.",N/A,test:tests/test_asvs_tripwires.py#test_no_websocket_graphql_or_webrtc,No WebSocket.,Backend + Security
V4.4.4,2,API and Web Service,Verify that dedicated WebSocket session management tokens are initially obtained or validated through the previously authenticated HTTPS session when transitioning an existing HTTPS session to a WebSocket channel.,N/A,test:tests/test_asvs_tripwires.py#test_no_websocket_graphql_or_webrtc,No WebSocket.,Backend + Security
V5.1.1,2,File Handling,"Verify that the documentation defines the permitted file types, expected file extensions, and maximum size (including unpacked size) for each upload feature. Additionally, ensure that the documentation specifies how files are made safe for end-users to download and process, such as how the application behaves when a malicious file is detected.",PASS,test:java-backend/src/test/java/ge/magti/portal/web/UploadAllowlistTest.java#everyAcceptedTypeIsCheckedAgainstItsContent file:docs/security/SECURITY_CONTROLS_KA.md,"Permitted types, extensions, the 10 MiB limit, the no-unpacking rule and how files are served are documented in one place.",Backend + Security
V5.2.1,1,File Handling,Verify that the application will only accept files of a size which it can process without causing a loss of performance or a denial of service attack.,PASS,test:java-backend/src/test/java/ge/magti/portal/web/UploadControllerIntegrationTest.java#oversizedFileIsRejected test:java-backend/src/test/java/ge/magti/portal/web/UploadSizeLimitIntegrationTest.java#anUploadOverTheTransportLimitIsRefusedAsTheSendersErrorNotTheServers test:angular-frontend/e2e/nginx-upload.spec.ts#shipping_nginx_accepts_permitted_uploads_and_preserves_the_10_MiB_business_cap,"10 MiB application cap, 11 MB transport cap in Spring and in the shipping nginx; nothing is decompressed or transcoded.",Backend + Security
V5.2.2,1,File Handling,"Verify that when the application accepts a file, either on its own or within an archive such as a zip file, it checks if the file extension matches an expected file extension and validates that the contents correspond to the type represented by the extension. This includes, but is not limited to, checking the initial 'magic bytes', performing image re-writing, and using specialized libraries for file content validation. For L1, this can focus just on files which are used to make specific business or security decisions. For L2 and up, this must apply to all files being accepted.",PASS,test:java-backend/src/test/java/ge/magti/portal/storage/FileTypeVerifierTest.java#htmlDeclaredAsAPngIsRejected test:java-backend/src/test/java/ge/magti/portal/web/UploadAllowlistTest.java#everyAcceptedTypeIsCheckedAgainstItsContent test:java-backend/src/test/java/ge/magti/portal/web/UploadControllerIntegrationTest.java#contentThatContradictsTheDeclaredTypeIsRejected,"The stored extension is derived from the allowlisted type, and every accepted type is checked against its content.",Backend + Security
V5.2.3,2,File Handling,"Verify that the application checks compressed files (e.g., zip, gz, docx, odt) against maximum allowed uncompressed size and against maximum number of files before uncompressing the file.",N/A,test:tests/test_asvs_tripwires.py#test_no_archive_extraction,Office files are stored and served as uploaded; the backend never unpacks an archive.,Backend + Security
V5.2.4,3,File Handling,"Verify that a file size quota and maximum number of files per user are enforced to ensure that a single user cannot fill up the storage with too many files, or excessively large files.",OUT_OF_TARGET_LEVEL,ledger:D1,"L3: outside the target level the owner set (L2, ledger D1).",Backend + Security
V5.2.5,3,File Handling,Verify that the application does not allow uploading compressed files containing symlinks unless this is specifically required (in which case it will be necessary to enforce an allowlist of the files that can be symlinked to).,OUT_OF_TARGET_LEVEL,ledger:D1,"L3: outside the target level the owner set (L2, ledger D1).",Backend + Security
V5.2.6,3,File Handling,"Verify that the application rejects uploaded images with a pixel size larger than the maximum allowed, to prevent pixel flood attacks.",OUT_OF_TARGET_LEVEL,ledger:D1,"L3: outside the target level the owner set (L2, ledger D1).",Backend + Security
V5.3.1,1,File Handling,"Verify that files uploaded or generated by untrusted input and stored in a public folder, are not executed as server-side program code when accessed directly with an HTTP request.",PASS,test:java-backend/src/test/java/ge/magti/portal/web/UploadControllerIntegrationTest.java#aStoredPolyglotIsServedAsAnInertImage test:java-backend/src/test/java/ge/magti/portal/storage/FileStorageServiceTest.java#storeWritesARowAndNeverTouchesTheFilesystem,Uploads are Oracle BLOBs served by a controller with their verified type and nosniff; there is no public folder or executable path.,Backend + Security
V5.3.2,1,File Handling,"Verify that when the application creates file paths for file operations, instead of user-submitted filenames, it uses internally generated or trusted data, or if user-submitted filenames or file metadata must be used, strict validation and sanitization must be applied. This is to protect against path traversal, local or remote file inclusion (LFI, RFI), and server-side request forgery (SSRF) attacks.",PASS,test:java-backend/src/test/java/ge/magti/portal/storage/FileStorageServiceTest.java#aTraversingNameIsRejectedBeforeTheDatabaseIsEvenAsked,Stored names are <uuid>.<ext> generated by the server; a traversing name is refused.,Backend + Security
V5.3.3,3,File Handling,"Verify that server-side file processing, such as file decompression, ignores user-provided path information to prevent vulnerabilities such as zip slip.",OUT_OF_TARGET_LEVEL,ledger:D1,"L3: outside the target level the owner set (L2, ledger D1).",Backend + Security
V5.4.1,2,File Handling,"Verify that the application validates or ignores user-submitted filenames, including in a JSON, JSONP, or URL parameter and specifies a filename in the Content-Disposition header field in the response.",PASS,test:java-backend/src/test/java/ge/magti/portal/web/ExportControllerDownloadTest.java#aCompletedJobCanBeDownloadedMoreThanOnce,User-supplied file names are ignored; downloads carry a server-generated name in Content-Disposition.,Backend + Security
V5.4.2,2,File Handling,"Verify that file names served (e.g., in HTTP response header fields or email attachments) are encoded or sanitized (e.g., following RFC 6266) to preserve document structure and prevent injection attacks.",PASS,test:java-backend/src/test/java/ge/magti/portal/web/ExportControllerDownloadTest.java#aCompletedJobCanBeDownloadedMoreThanOnce test:tests/test_asvs_tripwires.py#test_download_names_are_generated,"Every Content-Disposition name is built from constants and ids, never from input, so there is nothing to encode.",Backend + Security
V5.4.3,2,File Handling,Verify that files obtained from untrusted sources are scanned by antivirus scanners to prevent serving of known malicious content.,EXTERNAL_BLOCKED,it:9,Antivirus scanning of uploads needs the company's scanner (ICAP or similar); asked in QUESTIONS_FOR_IT №9.,Backend + Security
V6.1.1,1,Authentication,"Verify that application documentation defines how controls such as rate limiting, anti-automation, and adaptive response, are used to defend against attacks such as credential stuffing and password brute force. The documentation must make clear how these controls are configured and prevent malicious account lockout.",PASS,test:java-backend/src/test/java/ge/magti/portal/security/LoginRateLimiterTest.java#oneUsersRetriesDoNotLockOutColleaguesOnTheSameAddress test:java-backend/src/test/java/ge/magti/portal/security/LoginRateLimiterTest.java#oneAddressCannotWalkTheDirectoryUnboundedly file:docs/security/SECURITY_CONTROLS_KA.md,"The sign-in throttle (per account and per address, shared in Oracle), the directory's own lockout (B2) and their settings are documented.",Backend + Security
V6.1.2,2,Authentication,"Verify that a list of context-specific words is documented in order to prevent their use in passwords. The list could include permutations of organization names, product names, system identifiers, project codenames, department or role names, and similar.",EXTERNAL_BLOCKED,it:13 ledger:B1,Passwords are the directory's; a context-specific word list is part of its policy.,Backend + Security
V6.1.3,2,Authentication,"Verify that, if the application includes multiple authentication pathways, these are all documented together with the security controls and authentication strength which must be consistently enforced across them.",PASS,file:docs/security/SECURITY_CONTROLS_KA.md,"Pathways documented together: company directory (the only one in production), development personas (never in production).",Backend + Security
V6.2.1,1,Authentication,Verify that user set passwords are at least 8 characters in length although a minimum of 15 characters is strongly recommended.,EXTERNAL_BLOCKED,it:13 ledger:B1,Minimum length is the directory's password policy.,Backend + Security
V6.2.2,1,Authentication,Verify that users can change their password.,EXTERNAL_BLOCKED,it:13 ledger:B1,Passwords are changed in the directory; the portal refuses password changes (passwordChangesAreDirectoryOwnedAndRejectedWithoutMutationOrAudit).,Backend + Security
V6.2.3,1,Authentication,Verify that password change functionality requires the user's current and new password.,EXTERNAL_BLOCKED,it:13 ledger:B1,The directory's change flow.,Backend + Security
V6.2.4,1,Authentication,"Verify that passwords submitted during account registration or password change are checked against an available set of, at least, the top 3000 passwords which match the application's password policy, e.g. minimum length.",EXTERNAL_BLOCKED,it:13 ledger:B1,Common-password checks are the directory's.,Backend + Security
V6.2.5,1,Authentication,"Verify that passwords of any composition can be used, without rules limiting the type of characters permitted. There must be no requirement for a minimum number of upper or lower case characters, numbers, or special characters.",EXTERNAL_BLOCKED,it:13 ledger:B1,Composition rules are the directory's.,Backend + Security
V6.2.6,1,Authentication,"Verify that password input fields use type=password to mask the entry. Applications may allow the user to temporarily view the entire masked password, or the last typed character of the password.",PASS,test:angular-frontend/src/app/features/login/login.spec.ts#masks_the_password_and_leaves_it_to_the_browser_password_manager,The password field is type=password.,Backend + Security
V6.2.7,1,Authentication,"Verify that ""paste"" functionality, browser password helpers, and external password managers are permitted.",PASS,test:angular-frontend/src/app/features/login/login.spec.ts#masks_the_password_and_leaves_it_to_the_browser_password_manager,autocomplete=current-password and no paste blocking.,Backend + Security
V6.2.8,1,Authentication,"Verify that the application verifies the user's password exactly as received from the user, without any modifications such as truncation or case transformation.",PASS,test:java-backend/src/test/java/ge/magti/portal/security/CorporateAuthClientTest.java#aLongPasswordIsSentExactlyAsTyped test:angular-frontend/src/app/features/login/login.spec.ts#sends_the_password_exactly_as_typed,"The password reaches the directory byte-for-byte: no trimming, truncation or case change.",Backend + Security
V6.2.9,2,Authentication,Verify that passwords of at least 64 characters are permitted.,PASS,test:java-backend/src/test/java/ge/magti/portal/security/CorporateAuthClientTest.java#aLongPasswordIsSentExactlyAsTyped,No length cap on the portal side; a 128-character password is forwarded intact.,Backend + Security
V6.2.10,2,Authentication,Verify that a user's password stays valid until it is discovered to be compromised or the user rotates it. The application must not require periodic credential rotation.,EXTERNAL_BLOCKED,it:13 ledger:B1,Rotation policy is the directory's.,Backend + Security
V6.2.11,2,Authentication,Verify that the documented list of context specific words is used to prevent easy to guess passwords being created.,EXTERNAL_BLOCKED,it:13 ledger:B1,The directory's.,Backend + Security
V6.2.12,2,Authentication,Verify that passwords submitted during account registration or password changes are checked against a set of breached passwords.,EXTERNAL_BLOCKED,it:13 ledger:B1,Breached-password checks are the directory's.,Backend + Security
V6.3.1,1,Authentication,Verify that controls to prevent attacks such as credential stuffing and password brute force are implemented according to the application's security documentation.,PASS,test:java-backend/src/test/java/ge/magti/portal/security/SharedLoginThrottleIntegrationTest.java#twoInstancesShareOneBudgetInsteadOfGettingOneEach test:java-backend/src/test/java/ge/magti/portal/web/ConcurrentLoginIntegrationTest.java#simultaneousAttemptsOnOneAccountStayWithinTheLimit test:java-backend/src/test/java/ge/magti/portal/security/LoginRateLimiterTest.java#allowsUpToTenAttemptsPerAccountThenRejectsTheEleventh,"Per-account and per-address limits, shared across replicas; the directory lockout (B2) is the second layer.",Backend + Security
V6.3.2,1,Authentication,"Verify that default user accounts (e.g., ""root"", ""admin"", or ""sa"") are not present in the application or are disabled.",PASS,test:java-backend/src/test/java/ge/magti/portal/config/DefaultSecurityPostureTest.java#withNoEnvironmentVariablesNobodyCanLogInWithAnArbitraryPassword test:java-backend/src/test/java/ge/magti/portal/web/AuthControllerProductionTest.java#productionWithoutTheCompanyLoginRefusesEverySignIn,The development personas (admin@magti.ge and others) work only with APP_ENV=development and ALLOW_DEV_LOGIN=true; production has no local accounts to sign into.,Backend + Security
V6.3.3,2,Authentication,"Verify that either a multi-factor authentication mechanism or a combination of single-factor authentication mechanisms, must be used in order to access the application. For L3, one of the factors must be a hardware-based authentication mechanism which provides compromise and impersonation resistance against phishing attacks while verifying the intent to authenticate by requiring a user-initiated action (such as a button press on a FIDO hardware key or a mobile phone). Relaxing any of the considerations in this requirement requires a fully documented rationale and a comprehensive set of mitigating controls.",EXTERNAL_BLOCKED,ledger:B3 it:13,MFA for the ldap_auth grant is IT/security's decision or formal risk acceptance (B3).,Backend + Security
V6.3.4,2,Authentication,"Verify that, if the application includes multiple authentication pathways, there are no undocumented pathways and that security controls and authentication strength are enforced consistently.",PASS,test:java-backend/src/test/java/ge/magti/portal/web/AuthControllerProductionTest.java#productionWithoutTheCompanyLoginRefusesEverySignIn test:java-backend/src/test/java/ge/magti/portal/web/AuthControllerIntegrationTest.java#ssoStartFailsClosedUntilCorporateRedirectIsImplemented file:docs/security/SECURITY_CONTROLS_KA.md,Production has exactly one pathway; the SSO redirect is closed; the development bypass cannot be enabled in production.,Backend + Security
V6.3.5,3,Authentication,"Verify that users are notified of suspicious authentication attempts (successful or unsuccessful). This may include authentication attempts from an unusual location or client, partially successful authentication (only one of multiple factors), an authentication attempt after a long period of inactivity or a successful authentication after several unsuccessful attempts.",OUT_OF_TARGET_LEVEL,ledger:D1,"L3: outside the target level the owner set (L2, ledger D1).",Backend + Security
V6.3.6,3,Authentication,Verify that email is not used as either a single-factor or multi-factor authentication mechanism.,OUT_OF_TARGET_LEVEL,ledger:D1,"L3: outside the target level the owner set (L2, ledger D1).",Backend + Security
V6.3.7,3,Authentication,"Verify that users are notified after updates to authentication details, such as credential resets or modification of the username or email address.",OUT_OF_TARGET_LEVEL,ledger:D1,"L3: outside the target level the owner set (L2, ledger D1).",Backend + Security
V6.3.8,3,Authentication,"Verify that valid users cannot be deduced from failed authentication challenges, such as by basing on error messages, HTTP response codes, or different response times. Registration and forgot password functionality must also have this protection.",OUT_OF_TARGET_LEVEL,ledger:D1,"L3: outside the target level the owner set (L2, ledger D1).",Backend + Security
V6.4.1,1,Authentication,"Verify that system generated initial passwords or activation codes are securely randomly generated, follow the existing password policy, and expire after a short period of time or after they are initially used. These initial secrets must not be permitted to become the long term password.",N/A,test:java-backend/src/test/java/ge/magti/portal/web/AuthControllerProductionTest.java#productionWithoutTheCompanyLoginRefusesEverySignIn,The portal issues no initial passwords or activation codes; accounts are created on the first directory sign-in.,Backend + Security
V6.4.2,1,Authentication,"Verify that password hints or knowledge-based authentication (so-called ""secret questions"") are not present.",N/A,test:java-backend/src/test/java/ge/magti/portal/web/UserControllerIntegrationTest.java#passwordChangesAreDirectoryOwnedAndRejectedWithoutMutationOrAudit,No password hints or secret questions exist; the portal manages no passwords.,Backend + Security
V6.4.3,2,Authentication,"Verify that a secure process for resetting a forgotten password is implemented, that does not bypass any enabled multi-factor authentication mechanisms.",EXTERNAL_BLOCKED,it:13 ledger:B1,Forgotten passwords are reset through the directory's process.,Backend + Security
V6.4.4,2,Authentication,"Verify that if a multi-factor authentication factor is lost, evidence of identity proofing is performed at the same level as during enrollment.",EXTERNAL_BLOCKED,ledger:B3,Depends on the MFA decision (B3).,Backend + Security
V6.4.5,3,Authentication,"Verify that renewal instructions for authentication mechanisms which expire are sent with enough time to be carried out before the old authentication mechanism expires, configuring automated reminders if necessary.",OUT_OF_TARGET_LEVEL,ledger:D1,"L3: outside the target level the owner set (L2, ledger D1).",Backend + Security
V6.4.6,3,Authentication,"Verify that administrative users can initiate the password reset process for the user, but that this does not allow them to change or choose the user's password. This prevents a situation where they know the user's password.",OUT_OF_TARGET_LEVEL,ledger:D1,"L3: outside the target level the owner set (L2, ledger D1).",Backend + Security
V6.5.1,2,Authentication,"Verify that lookup secrets, out-of-band authentication requests or codes, and time-based one-time passwords (TOTPs) are only successfully usable once.",N/A,test:tests/test_asvs_tripwires.py#test_no_one_time_codes,"No OTP, lookup secret or out-of-band code is used.",Backend + Security
V6.5.2,2,Authentication,"Verify that, when being stored in the application's backend, lookup secrets with less than 112 bits of entropy (19 random alphanumeric characters or 34 random digits) are hashed with an approved password storage hashing algorithm that incorporates a 32-bit random salt. A standard hash function can be used if the secret has 112 bits of entropy or more.",N/A,test:tests/test_asvs_tripwires.py#test_no_one_time_codes,No lookup secrets.,Backend + Security
V6.5.3,2,Authentication,"Verify that lookup secrets, out-of-band authentication code, and time-based one-time password seeds, are generated using a Cryptographically Secure Pseudorandom Number Generator (CSPRNG) to avoid predictable values.",N/A,test:tests/test_asvs_tripwires.py#test_no_one_time_codes,No OTP seeds.,Backend + Security
V6.5.4,2,Authentication,Verify that lookup secrets and out-of-band authentication codes have a minimum of 20 bits of entropy (typically 4 random alphanumeric characters or 6 random digits is sufficient).,N/A,test:tests/test_asvs_tripwires.py#test_no_one_time_codes,No out-of-band codes.,Backend + Security
V6.5.5,2,Authentication,"Verify that out-of-band authentication requests, codes, or tokens, as well as time-based one-time passwords (TOTPs) have a defined lifetime. Out of band requests must have a maximum lifetime of 10 minutes and for TOTP a maximum lifetime of 30 seconds.",N/A,test:tests/test_asvs_tripwires.py#test_no_one_time_codes,No out-of-band requests.,Backend + Security
V6.5.6,3,Authentication,Verify that any authentication factor (including physical devices) can be revoked in case of theft or other loss.,OUT_OF_TARGET_LEVEL,ledger:D1,"L3: outside the target level the owner set (L2, ledger D1).",Backend + Security
V6.5.7,3,Authentication,Verify that biometric authentication mechanisms are only used as secondary factors together with either something you have or something you know.,OUT_OF_TARGET_LEVEL,ledger:D1,"L3: outside the target level the owner set (L2, ledger D1).",Backend + Security
V6.5.8,3,Authentication,Verify that time-based one-time passwords (TOTPs) are checked based on a time source from a trusted service and not from an untrusted or client provided time.,OUT_OF_TARGET_LEVEL,ledger:D1,"L3: outside the target level the owner set (L2, ledger D1).",Backend + Security
V6.6.1,2,Authentication,"Verify that authentication mechanisms using the Public Switched Telephone Network (PSTN) to deliver One-time Passwords (OTPs) via phone or SMS are offered only when the phone number has previously been validated, alternate stronger methods (such as Time based One-time Passwords) are also offered, and the service provides information on their security risks to users. For L3 applications, phone and SMS must not be available as options.",N/A,test:tests/test_asvs_tripwires.py#test_no_one_time_codes,"No SMS or phone OTP (the planned SMS confirmation, QUESTIONS_FOR_IT №12, is not built).",Backend + Security
V6.6.2,2,Authentication,"Verify that out-of-band authentication requests, codes, or tokens are bound to the original authentication request for which they were generated and are not usable for a previous or subsequent one.",N/A,test:tests/test_asvs_tripwires.py#test_no_one_time_codes,No out-of-band authentication.,Backend + Security
V6.6.3,2,Authentication,Verify that a code based out-of-band authentication mechanism is protected against brute force attacks by using rate limiting. Consider also using a code with at least 64 bits of entropy.,N/A,test:tests/test_asvs_tripwires.py#test_no_one_time_codes,No code-based out-of-band mechanism.,Backend + Security
V6.6.4,3,Authentication,"Verify that, where push notifications are used for multi-factor authentication, rate limiting is used to prevent push bombing attacks. Number matching may also mitigate this risk.",OUT_OF_TARGET_LEVEL,ledger:D1,"L3: outside the target level the owner set (L2, ledger D1).",Backend + Security
V6.7.1,3,Authentication,Verify that the certificates used to verify cryptographic authentication assertions are stored in a way protects them from modification.,OUT_OF_TARGET_LEVEL,ledger:D1,"L3: outside the target level the owner set (L2, ledger D1).",Backend + Security
V6.7.2,3,Authentication,"Verify that the challenge nonce is at least 64 bits in length, and statistically unique or unique over the lifetime of the cryptographic device.",OUT_OF_TARGET_LEVEL,ledger:D1,"L3: outside the target level the owner set (L2, ledger D1).",Backend + Security
V6.8.1,2,Authentication,"Verify that, if the application supports multiple identity providers (IdPs), the user's identity cannot be spoofed via another supported identity provider (eg. by using the same user identifier). The standard mitigation would be for the application to register and identify the user using a combination of the IdP ID (serving as a namespace) and the user's ID in the IdP.",N/A,file:java-backend/src/main/java/ge/magti/portal/security/CorporateAuthClient.java,One identity provider.,Backend + Security
V6.8.2,2,Authentication,"Verify that the presence and integrity of digital signatures on authentication assertions (for example on JWTs or SAML assertions) are always validated, rejecting any assertions that are unsigned or have invalid signatures.",N/A,test:java-backend/src/test/java/ge/magti/portal/security/CorporateAuthClientTest.java#sendsTheSampleRequestAsAFormPostAndReadsWhoSignedIn,No assertion travels through the browser: the portal asks the token endpoint directly over TLS and reads the identity from that answer.,Backend + Security
V6.8.3,2,Authentication,Verify that SAML assertions are uniquely processed and used only once within the validity period to prevent replay attacks.,N/A,test:tests/test_asvs_tripwires.py#test_no_saml,No SAML.,Backend + Security
V6.8.4,2,Authentication,"Verify that, if an application uses a separate Identity Provider (IdP) and expects specific authentication strength, methods, or recentness for specific functions, the application verifies this using the information returned by the IdP. For example, if OIDC is used, this might be achieved by validating ID Token claims such as 'acr', 'amr', and 'auth_time' (if present). If the IdP does not provide this information, the application must have a documented fallback approach that assumes that the minimum strength authentication mechanism was used (for example, single-factor authentication using username and password).",N/A,file:docs/security/SECURITY_CONTROLS_KA.md,No function requires a particular authentication strength; revisit if B3 introduces MFA for some roles.,Backend + Security
V7.1.1,2,Session Management,"Verify that the user's session inactivity timeout and absolute maximum session lifetime are documented, are appropriate in combination with other controls, and that the documentation includes justification for any deviations from NIST SP 800-63B re-authentication requirements.",PASS,test:java-backend/src/test/java/ge/magti/portal/security/PortalSessionServiceTest.java#aSessionIdleLongerThanTheLimitIsRefused test:java-backend/src/test/java/ge/magti/portal/security/PortalSessionServiceTest.java#aSessionPastItsAbsoluteLifetimeIsRefusedEvenWhileInUse file:docs/security/SECURITY_CONTROLS_KA.md,"30 minutes idle, 8 hours absolute (NIST SP 800-63B AAL2 values), with the justification.",Backend + Security
V7.1.2,2,Session Management,Verify that the documentation defines how many concurrent (parallel) sessions are allowed for one account as well as the intended behaviors and actions to be taken when the maximum number of active sessions is reached.,PASS,test:java-backend/src/test/java/ge/magti/portal/web/AuthControllerIntegrationTest.java#revokingTheCurrentSessionIsAuditedAndInvalidatesThatToken test:java-backend/src/test/java/ge/magti/portal/web/AuthControllerIntegrationTest.java#foreignSessionIdIsOpaqueAndCannotBeRevoked file:docs/security/SECURITY_CONTROLS_KA.md,Concurrent sessions are allowed without a cap; each is listed to its owner and can be ended individually.,Backend + Security
V7.1.3,2,Session Management,"Verify that all systems that create and manage user sessions as part of a federated identity management ecosystem (such as SSO systems) are documented along with controls to coordinate session lifetimes, termination, and any other conditions that require re-authentication.",PASS,file:docs/security/SECURITY_CONTROLS_KA.md,"The directory issues no session the portal relies on: its tokens are discarded, roles are re-read on every sign-in and authorisation on every request.",Backend + Security
V7.2.1,1,Session Management,"Verify that the application performs all session token verification using a trusted, backend service.",PASS,test:java-backend/src/test/java/ge/magti/portal/security/JwtAuthenticationFilterTest.java#validAuthorizationHeaderPopulatesSecurityContext test:java-backend/src/test/java/ge/magti/portal/security/JwtServiceTest.java#aTokenSignedWithAnotherKeyIsRejected,Every request's token is verified by the backend.,Backend + Security
V7.2.2,1,Session Management,"Verify that the application uses either self-contained or reference tokens that are dynamically generated for session management, i.e. not using static API secrets and keys.",PASS,test:java-backend/src/test/java/ge/magti/portal/security/JwtAuthenticationFilterTest.java#cookieTokenWithoutSessionIdIsRejected,Tokens are minted per sign-in and bound to a server-side session row; no static API keys.,Backend + Security
V7.2.3,1,Session Management,"Verify that if reference tokens are used to represent user sessions, they are unique and generated using a cryptographically secure pseudo-random number generator (CSPRNG) and possess at least 128 bits of entropy.",N/A,test:java-backend/src/test/java/ge/magti/portal/security/JwtServiceTest.java#aTokenSignedWithAnotherKeyIsRejected,Sessions use a signed self-contained token; the session id inside it is not a bearer secret on its own.,Backend + Security
V7.2.4,1,Session Management,"Verify that the application generates a new session token on user authentication, including re-authentication, and terminates the current session token.",PASS,test:java-backend/src/test/java/ge/magti/portal/web/AuthControllerIntegrationTest.java#loginWithKnownTestEmailIssuesTokenAndSetsCookie test:java-backend/src/test/java/ge/magti/portal/web/AuthControllerIntegrationTest.java#loggingInAgainAfterLogoutIssuesAWorkingToken,Each sign-in mints a new token and session; nothing from before authentication is reused (no fixation possible).,Backend + Security
V7.3.1,2,Session Management,Verify that there is an inactivity timeout such that re-authentication is enforced according to risk analysis and documented security decisions.,PASS,test:java-backend/src/test/java/ge/magti/portal/security/PortalSessionServiceTest.java#aSessionIdleLongerThanTheLimitIsRefused test:angular-frontend/src/app/core/auth/idle-session.service.spec.ts#signs_the_operator_out_and_returns_them_to_the_login_screen_after_thirty_idle_minutes,Idle timeout enforced on the server (30 min) and signalled in the browser.,Backend + Security
V7.3.2,2,Session Management,Verify that there is an absolute maximum session lifetime such that re-authentication is enforced according to risk analysis and documented security decisions.,PASS,test:java-backend/src/test/java/ge/magti/portal/security/PortalSessionServiceTest.java#aSessionPastItsAbsoluteLifetimeIsRefusedEvenWhileInUse,"Absolute lifetime of 8 hours, enforced on the server.",Backend + Security
V7.4.1,1,Session Management,"Verify that when session termination is triggered (such as logout or expiration), the application disallows any further use of the session. For reference tokens or stateful sessions, this means invalidating the session data at the application backend. Applications using self-contained tokens will need a solution such as maintaining a list of terminated tokens, disallowing tokens produced before a per-user date and time or rotating a per-user signing key.",PASS,test:java-backend/src/test/java/ge/magti/portal/security/JwtAuthenticationFilterTest.java#aTokenMintedBeforeLogoutNoLongerAuthenticates test:java-backend/src/test/java/ge/magti/portal/web/AuthControllerIntegrationTest.java#revokingTheCurrentSessionIsAuditedAndInvalidatesThatToken,Logout invalidates the token server-side (token version and session row).,Backend + Security
V7.4.2,1,Session Management,Verify that the application terminates all active sessions when a user account is disabled or deleted (such as an employee leaving the company).,PASS,test:java-backend/src/test/java/ge/magti/portal/security/JwtAuthenticationFilterTest.java#disabledAccountGetsImmediate403AndChainNeverRuns test:java-backend/src/test/java/ge/magti/portal/web/CorporateLoginIntegrationTest.java#aRoleWithdrawnInTheDirectoryRefusesEntryAndRevokesOldToken,Deactivation stops every request at once; losing the directory role revokes existing tokens.,Backend + Security
V7.4.3,2,Session Management,"Verify that the application gives the option to terminate all other active sessions after a successful change or removal of any authentication factor (including password change via reset or recovery and, if present, an MFA settings update).",PASS,test:java-backend/src/test/java/ge/magti/portal/security/JwtAuthenticationFilterTest.java#aTokenMintedBeforeLogoutNoLongerAuthenticates,Authentication factors change in the directory; afterwards logout ends every session of the account (log-out-everywhere).,Backend + Security
V7.4.4,2,Session Management,Verify that all pages that require authentication have easy and visible access to logout functionality.,PASS,test:angular-frontend/e2e/operator-browsing.spec.ts#sign_out_from_any_page_ends_the_session,The shell shows the logout control on every authenticated page.,Backend + Security
V7.4.5,2,Session Management,Verify that application administrators are able to terminate active sessions for an individual user or for all users.,RISK_ACCEPTED,ledger:D7 test:java-backend/src/test/java/ge/magti/portal/security/JwtAuthenticationFilterTest.java#disabledAccountGetsImmediate403AndChainNeverRuns,"An administrator can end a user's access by deactivating the account, but has no 'end this user's sessions' action that leaves the account active. Accepted by the owner (ledger D7, 2026-09-26).",Backend + Security
V7.5.1,2,Session Management,"Verify that the application requires full re-authentication before allowing modifications to sensitive account attributes which may affect authentication such as email address, phone number, MFA configuration, or other information used in account recovery.",N/A,test:java-backend/src/test/java/ge/magti/portal/web/UserControllerIntegrationTest.java#passwordChangesAreDirectoryOwnedAndRejectedWithoutMutationOrAudit,"Users cannot change e-mail, phone or any factor in the portal; those attributes are the directory's.",Backend + Security
V7.5.2,2,Session Management,Verify that users are able to view and (having authenticated again with at least one factor) terminate any or all currently active sessions.,RISK_ACCEPTED,ledger:D7 test:java-backend/src/test/java/ge/magti/portal/web/AuthControllerIntegrationTest.java#revokingTheCurrentSessionIsAuditedAndInvalidatesThatToken,"Users can list and end their sessions, but ending one does not ask them to re-authenticate first. Ending a session only reduces access. Accepted by the owner (ledger D7, 2026-09-26).",Backend + Security
V7.5.3,3,Session Management,Verify that the application requires further authentication with at least one factor or secondary verification before performing highly sensitive transactions or operations.,OUT_OF_TARGET_LEVEL,ledger:D1,"L3: outside the target level the owner set (L2, ledger D1).",Backend + Security
V7.6.1,2,Session Management,"Verify that session lifetime and termination between Relying Parties (RPs) and Identity Providers (IdPs) behave as documented, requiring re-authentication as necessary such as when the maximum time between IdP authentication events is reached.",PASS,test:java-backend/src/test/java/ge/magti/portal/security/PortalSessionServiceTest.java#aSessionPastItsAbsoluteLifetimeIsRefusedEvenWhileInUse file:docs/security/SECURITY_CONTROLS_KA.md,No IdP session exists to coordinate with (password grant); portal lifetimes are the only ones and are documented.,Backend + Security
V7.6.2,2,Session Management,"Verify that creation of a session requires either the user's consent or an explicit action, preventing the creation of new application sessions without user interaction.",PASS,test:java-backend/src/test/java/ge/magti/portal/web/AuthControllerIntegrationTest.java#ssoStartFailsClosedUntilCorporateRedirectIsImplemented,A session is created only by an explicit sign-in; there is no silent SSO.,Backend + Security
V8.1.1,1,Authorization,Verify that authorization documentation defines rules for restricting function-level and data-specific access based on consumer permissions and resource attributes.,PASS,file:docs/ACCESS_CONTRACT_MATRIX_KA.md test:java-backend/src/test/java/ge/magti/portal/security/AccessContractCoverageTest.java#everyEndpointInTheSourceHasAContractRow test:java-backend/src/test/java/ge/magti/portal/security/AccessContractCoverageTest.java#noGateHasChangedWithoutTheContractChangingWithIt,"Function- and data-level rules per endpoint, kept equal to the source by the coverage tests.",Backend + Security
V8.1.2,2,Authorization,"Verify that authorization documentation defines rules for field-level access restrictions (both read and write) based on consumer permissions and resource attributes. Note that these rules might depend on other attribute values of the relevant data object, such as state or status.",PASS,file:docs/ACCESS_CONTRACT_MATRIX_KA.md file:docs/PRODUCT_OWNER_DECISIONS_KA.md,"Field-level rules (PII column of the matrix, owner decisions on who sees employee data) are documented.",Backend + Security
V8.1.3,3,Authorization,"Verify that the application's documentation defines the environmental and contextual attributes (including but not limited to, time of day, user location, IP address, or device) that are used in the application to make security decisions, including those pertaining to authentication and authorization.",OUT_OF_TARGET_LEVEL,ledger:D1,"L3: outside the target level the owner set (L2, ledger D1).",Backend + Security
V8.1.4,3,Authorization,"Verify that authentication and authorization documentation defines how environmental and contextual factors are used in decision-making, in addition to function-level, data-specific, and field-level authorization. This should include the attributes evaluated, thresholds for risk, and actions taken (e.g., allow, challenge, deny, step-up authentication).",OUT_OF_TARGET_LEVEL,ledger:D1,"L3: outside the target level the owner set (L2, ledger D1).",Backend + Security
V8.2.1,1,Authorization,Verify that the application ensures that function-level access is restricted to consumers with explicit permissions.,PASS,test:java-backend/src/test/java/ge/magti/portal/web/EndpointGuardCoverageTest.java#everyEndpointCallsSomethingThatCanRefuseTheCaller test:java-backend/src/test/java/ge/magti/portal/web/DenyByDefaultIntegrationTest.java#anEndpointThatForgotItsGuardIsStillClosedToAnonymousCallers,"Deny-by-default chain plus a require* guard in every handler, checked in bytecode.",Backend + Security
V8.2.2,1,Authorization,Verify that the application ensures that data-specific access is restricted to consumers with explicit permissions to specific data items to mitigate insecure direct object reference (IDOR) and broken object level authorization (BOLA).,PASS,test:java-backend/src/test/java/ge/magti/portal/web/PrivateDraftIsolationIntegrationTest.java#noOtherEditorCanChangeAnotherAuthorsPrivateDraft test:java-backend/src/test/java/ge/magti/portal/web/FileEntitlementEnforcedIntegrationTest.java#anOutsiderIsRefusedAsThoughTheFileDidNotExist test:java-backend/src/test/java/ge/magti/portal/web/FavoriteControllerIntegrationTest.java#aBookmarkNamesOnlyWhatTheCallerMayOpen test:java-backend/src/test/java/ge/magti/portal/web/ContentTrashControllerIntegrationTest.java#anotherAuthorsPrivateDraftIsNeitherListedNorRestoredForAColleague,"Object-level checks hold across articles, news, videos, files, exports, drafts, the trash and bookmarks: an item the caller may not open is refused, or named only by its id (A3, A17).",Backend + Security
V8.2.3,2,Authorization,Verify that the application ensures that field-level access is restricted to consumers with explicit permissions to specific fields to mitigate broken object property level authorization (BOPLA).,PASS,test:java-backend/src/test/java/ge/magti/portal/web/ResponseShapeContractTest.java#theUserResponsesCarryIdentityProgressAndPermissionStateOnly test:java-backend/src/test/java/ge/magti/portal/web/ResponseShapeContractTest.java#groupLeaderRowsCarryNoContactDetails test:java-backend/src/test/java/ge/magti/portal/security/SystemAdminPiiSurfaceIntegrationTest.java#everyNonAdminRoleIsForbiddenFromSystemAdminPiiSurfaces,Responses carrying employee identity have pinned shapes; PII fields are returned only to the roles the matrix names.,Backend + Security
V8.2.4,3,Authorization,"Verify that adaptive security controls based on a consumer's environmental and contextual attributes (such as time of day, location, IP address, or device) are implemented for authentication and authorization decisions, as defined in the application's documentation. These controls must be applied when the consumer tries to start a new session and also during an existing session.",OUT_OF_TARGET_LEVEL,ledger:D1,"L3: outside the target level the owner set (L2, ledger D1).",Backend + Security
V8.3.1,1,Authorization,"Verify that the application enforces authorization rules at a trusted service layer and doesn't rely on controls that an untrusted consumer could manipulate, such as client-side JavaScript.",PASS,test:java-backend/src/test/java/ge/magti/portal/web/EndpointGuardCoverageTest.java#everyEndpointCallsSomethingThatCanRefuseTheCaller test:java-backend/src/test/java/ge/magti/portal/security/JwtAuthenticationFilterTest.java#authoritiesIncludeRolePrefixAndEachPermission,Authorisation runs on the server and is re-read from the database on every request; Angular gating is display only.,Backend + Security
V8.3.2,3,Authorization,"Verify that changes to values on which authorization decisions are made are applied immediately. Where changes cannot be applied immediately, (such as when relying on data in self-contained tokens), there must be mitigating controls to alert when a consumer performs an action when they are no longer authorized to do so and revert the change. Note that this alternative would not mitigate information leakage.",OUT_OF_TARGET_LEVEL,ledger:D1,"L3: outside the target level the owner set (L2, ledger D1).",Backend + Security
V8.3.3,3,Authorization,"Verify that access to an object is based on the originating subject's (e.g. consumer's) permissions, not on the permissions of any intermediary or service acting on their behalf. For example, if a consumer calls a web service using a self-contained token for authentication, and the service then requests data from a different service, the second service will use the consumer's token, rather than a machine-to-machine token from the first service, to make permission decisions.",OUT_OF_TARGET_LEVEL,ledger:D1,"L3: outside the target level the owner set (L2, ledger D1).",Backend + Security
V8.4.1,2,Authorization,Verify that multi-tenant applications use cross-tenant controls to ensure consumer operations will never affect tenants with which they do not have permissions to interact.,N/A,file:AGENTS.md,"Single-tenant: one company's call centre. Department scoping is authorisation, covered in V8.2.",Backend + Security
V8.4.2,3,Authorization,"Verify that access to administrative interfaces incorporates multiple layers of security, including continuous consumer identity verification, device security posture assessment, and contextual risk analysis, ensuring that network location or trusted endpoints are not the sole factors for authorization even though they may reduce the likelihood of unauthorized access.",OUT_OF_TARGET_LEVEL,ledger:D1,"L3: outside the target level the owner set (L2, ledger D1).",Backend + Security
V9.1.1,1,Self-contained Tokens,Verify that self-contained tokens are validated using their digital signature or MAC to protect against tampering before accepting the token's contents.,PASS,test:java-backend/src/test/java/ge/magti/portal/security/JwtServiceTest.java#aTokenSignedWithAnotherKeyIsRejected test:java-backend/src/test/java/ge/magti/portal/security/JwtServiceTest.java#aTamperedPayloadIsRejected,The HMAC signature is verified before any claim is read.,Backend + Security
V9.1.2,1,Self-contained Tokens,"Verify that only algorithms on an allowlist can be used to create and verify self-contained tokens, for a given context. The allowlist must include the permitted algorithms, ideally only either symmetric or asymmetric algorithms, and must not include the 'None' algorithm. If both symmetric and asymmetric must be supported, additional controls will be needed to prevent key confusion.",PASS,test:java-backend/src/test/java/ge/magti/portal/security/JwtServiceTest.java#anUnsignedTokenIsRejected test:java-backend/src/test/java/ge/magti/portal/security/JwtServiceTest.java#aTokenSignedWithAnAsymmetricAlgorithmIsRejected,Only HMAC with the configured key verifies; 'none' and asymmetric algorithms are refused.,Backend + Security
V9.1.3,1,Self-contained Tokens,"Verify that key material that is used to validate self-contained tokens is from trusted pre-configured sources for the token issuer, preventing attackers from specifying untrusted sources and keys. For JWTs and other JWS structures, headers such as 'jku', 'x5u', and 'jwk' must be validated against an allowlist of trusted sources.",PASS,test:java-backend/src/test/java/ge/magti/portal/security/JwtServiceTest.java#aTokenCarryingItsOwnKeyIsRejected,The verification key comes only from configuration; jwk/jku/x5u headers are ignored.,Backend + Security
V9.2.1,1,Self-contained Tokens,"Verify that, if a validity time span is present in the token data, the token and its content are accepted only if the verification time is within this validity time span. For example, for JWTs, the claims 'nbf' and 'exp' must be verified.",PASS,test:java-backend/src/test/java/ge/magti/portal/security/JwtServiceTest.java#anExpiredTokenIsRejected test:java-backend/src/test/java/ge/magti/portal/security/JwtServiceTest.java#aTokenNotYetValidIsRejected,exp and nbf are enforced.,Backend + Security
V9.2.2,2,Self-contained Tokens,"Verify that the service receiving a token validates the token to be the correct type and is meant for the intended purpose before accepting the token's contents. For example, only access tokens can be accepted for authorization decisions and only ID Tokens can be used for proving user authentication.",N/A,test:tests/test_asvs_tripwires.py#test_one_token_type_is_minted,"The service mints exactly one token type, the access token, and accepts nothing else.",Backend + Security
V9.2.3,2,Self-contained Tokens,"Verify that the service only accepts tokens which are intended for use with that service (audience). For JWTs, this can be achieved by validating the 'aud' claim against an allowlist defined in the service.",N/A,test:tests/test_asvs_tripwires.py#test_one_token_type_is_minted test:java-backend/src/test/java/ge/magti/portal/config/ProductionSafetyGuardTest.java#productionWithDevSecretFailsLoud,"Issuer and sole audience are the same service, with a key no other service holds.",Backend + Security
V9.2.4,2,Self-contained Tokens,"Verify that, if a token issuer uses the same private key for issuing tokens to different audiences, the issued tokens contain an audience restriction that uniquely identifies the intended audiences. This will prevent a token from being reused with an unintended audience. If the audience identifier is dynamically provisioned, the token issuer must validate these audiences in order to make sure that they do not result in audience impersonation.",N/A,test:tests/test_asvs_tripwires.py#test_one_token_type_is_minted,Tokens are not issued for several audiences.,Backend + Security
V10.1.1,2,OAuth and OIDC,"Verify that tokens are only sent to components that strictly need them. For example, when using a backend-for-frontend pattern for browser-based JavaScript applications, access and refresh tokens shall only be accessible for the backend.",PASS,test:java-backend/src/test/java/ge/magti/portal/security/CorporateAuthClientTest.java#sendsTheSampleRequestAsAFormPostAndReadsWhoSignedIn test:java-backend/src/test/java/ge/magti/portal/security/CorporateAuthClientTest.java#theDirectorysTokensNeverLeaveTheClient,The directory's tokens stay inside the backend call and are discarded; the browser only ever holds the portal's own session.,IT IAM + Security
V10.1.2,2,OAuth and OIDC,"Verify that the client only accepts values from the authorization server (such as the authorization code or ID Token) if these values result from an authorization flow that was initiated by the same user agent session and transaction. This requires that client-generated secrets, such as the proof key for code exchange (PKCE) 'code_verifier', 'state' or OIDC 'nonce', are not guessable, are specific to the transaction, and are securely bound to both the client and the user agent session in which the transaction was started.",N/A,test:java-backend/src/test/java/ge/magti/portal/web/AuthControllerIntegrationTest.java#ssoStartFailsClosedUntilCorporateRedirectIsImplemented,No authorization-code or redirect flow exists (SSO start answers 503; none is planned).,IT IAM + Security
V10.2.1,2,OAuth and OIDC,"Verify that, if the code flow is used, the OAuth client has protection against browser-based request forgery attacks, commonly known as cross-site request forgery (CSRF), which trigger token requests, either by using proof key for code exchange (PKCE) functionality or checking the 'state' parameter that was sent in the authorization request.",N/A,test:java-backend/src/test/java/ge/magti/portal/web/AuthControllerIntegrationTest.java#ssoStartFailsClosedUntilCorporateRedirectIsImplemented,No authorization-code or redirect flow exists (SSO start answers 503; none is planned).,IT IAM + Security
V10.2.2,2,OAuth and OIDC,"Verify that, if the OAuth client can interact with more than one authorization server, it has a defense against mix-up attacks. For example, it could require that the authorization server return the 'iss' parameter value and validate it in the authorization response and the token response.",N/A,test:java-backend/src/test/java/ge/magti/portal/web/AuthControllerIntegrationTest.java#ssoStartFailsClosedUntilCorporateRedirectIsImplemented,No authorization-code or redirect flow exists (SSO start answers 503; none is planned).,IT IAM + Security
V10.2.3,3,OAuth and OIDC,Verify that the OAuth client only requests the required scopes (or other authorization parameters) in requests to the authorization server.,OUT_OF_TARGET_LEVEL,ledger:D1,"L3: outside the target level the owner set (L2, ledger D1).",IT IAM + Security
V10.3.1,2,OAuth and OIDC,"Verify that the resource server only accepts access tokens that are intended for use with that service (audience). The audience may be included in a structured access token (such as the 'aud' claim in JWT), or it can be checked using the token introspection endpoint.",N/A,test:java-backend/src/test/java/ge/magti/portal/security/JwtServiceTest.java#aTokenSignedWithAnotherKeyIsRejected,The portal accepts no access token but its own; it is not a resource server for the directory's tokens.,IT IAM + Security
V10.3.2,2,OAuth and OIDC,"Verify that the resource server enforces authorization decisions based on claims from the access token that define delegated authorization. If claims such as 'sub', 'scope', and 'authorization_details' are present, they must be part of the decision.",N/A,test:java-backend/src/test/java/ge/magti/portal/security/JwtServiceTest.java#aTokenSignedWithAnotherKeyIsRejected,The portal accepts no access token but its own; it is not a resource server for the directory's tokens.,IT IAM + Security
V10.3.3,2,OAuth and OIDC,"Verify that if an access control decision requires identifying a unique user from an access token (JWT or related token introspection response), the resource server identifies the user from claims that cannot be reassigned to other users. Typically, it means using a combination of 'iss' and 'sub' claims.",N/A,test:java-backend/src/test/java/ge/magti/portal/security/JwtServiceTest.java#aTokenSignedWithAnotherKeyIsRejected,The portal accepts no access token but its own; it is not a resource server for the directory's tokens.,IT IAM + Security
V10.3.4,2,OAuth and OIDC,"Verify that, if the resource server requires specific authentication strength, methods, or recentness, it verifies that the presented access token satisfies these constraints. For example, if present, using the OIDC 'acr', 'amr' and 'auth_time' claims respectively.",N/A,test:java-backend/src/test/java/ge/magti/portal/security/JwtServiceTest.java#aTokenSignedWithAnotherKeyIsRejected,The portal accepts no access token but its own; it is not a resource server for the directory's tokens.,IT IAM + Security
V10.3.5,3,OAuth and OIDC,"Verify that the resource server prevents the use of stolen access tokens or replay of access tokens (from unauthorized parties) by requiring sender-constrained access tokens, either Mutual TLS for OAuth 2 or OAuth 2 Demonstration of Proof of Possession (DPoP).",OUT_OF_TARGET_LEVEL,ledger:D1,"L3: outside the target level the owner set (L2, ledger D1).",IT IAM + Security
V10.4.1,1,OAuth and OIDC,Verify that the authorization server validates redirect URIs based on a client-specific allowlist of pre-registered URIs using exact string comparison.,EXTERNAL_BLOCKED,it:13 ledger:B1,"An authorization-server requirement; the server is the company's. The portal uses no redirect URI, code or refresh token.",IT IAM + Security
V10.4.2,1,OAuth and OIDC,"Verify that, if the authorization server returns the authorization code in the authorization response, it can be used only once for a token request. For the second valid request with an authorization code that has already been used to issue an access token, the authorization server must reject a token request and revoke any issued tokens related to the authorization code.",EXTERNAL_BLOCKED,it:13 ledger:B1,"An authorization-server requirement; the server is the company's. The portal uses no redirect URI, code or refresh token.",IT IAM + Security
V10.4.3,1,OAuth and OIDC,Verify that the authorization code is short-lived. The maximum lifetime can be up to 10 minutes for L1 and L2 applications and up to 1 minute for L3 applications.,EXTERNAL_BLOCKED,it:13 ledger:B1,"An authorization-server requirement; the server is the company's. The portal uses no redirect URI, code or refresh token.",IT IAM + Security
V10.4.4,1,OAuth and OIDC,"Verify that for a given client, the authorization server only allows the usage of grants that this client needs to use. Note that the grants 'token' (Implicit flow) and 'password' (Resource Owner Password Credentials flow) must no longer be used.",EXTERNAL_BLOCKED,ledger:B3 it:13,The portal uses the directory's password-style grant (ldap_auth) because that is the interface IT offers; moving off it or accepting it is B3.,IT IAM + Security
V10.4.5,1,OAuth and OIDC,"Verify that the authorization server mitigates refresh token replay attacks for public clients, preferably using sender-constrained refresh tokens, i.e., Demonstrating Proof of Possession (DPoP) or Certificate-Bound Access Tokens using mutual TLS (mTLS). For L1 and L2 applications, refresh token rotation may be used. If refresh token rotation is used, the authorization server must invalidate the refresh token after usage, and revoke all refresh tokens for that authorization if an already used and invalidated refresh token is provided.",EXTERNAL_BLOCKED,it:13 ledger:B1,"An authorization-server requirement; the server is the company's. The portal uses no redirect URI, code or refresh token.",IT IAM + Security
V10.4.6,2,OAuth and OIDC,"Verify that, if the code grant is used, the authorization server mitigates authorization code interception attacks by requiring proof key for code exchange (PKCE). For authorization requests, the authorization server must require a valid 'code_challenge' value and must not accept a 'code_challenge_method' value of 'plain'. For a token request, it must require validation of the 'code_verifier' parameter.",EXTERNAL_BLOCKED,it:13 ledger:B1,"An authorization-server requirement; the server is the company's. The portal uses no redirect URI, code or refresh token.",IT IAM + Security
V10.4.7,2,OAuth and OIDC,"Verify that if the authorization server supports unauthenticated dynamic client registration, it mitigates the risk of malicious client applications. It must validate client metadata such as any registered URIs, ensure the user's consent, and warn the user before processing an authorization request with an untrusted client application.",EXTERNAL_BLOCKED,it:13 ledger:B1,"An authorization-server requirement; the server is the company's. The portal uses no redirect URI, code or refresh token.",IT IAM + Security
V10.4.8,2,OAuth and OIDC,"Verify that refresh tokens have an absolute expiration, including if sliding refresh token expiration is applied.",EXTERNAL_BLOCKED,it:13 ledger:B1,"An authorization-server requirement; the server is the company's. The portal uses no redirect URI, code or refresh token.",IT IAM + Security
V10.4.9,2,OAuth and OIDC,"Verify that refresh tokens and reference access tokens can be revoked by an authorized user using the authorization server user interface, to mitigate the risk of malicious clients or stolen tokens.",EXTERNAL_BLOCKED,it:13 ledger:B1,"An authorization-server requirement; the server is the company's. The portal uses no redirect URI, code or refresh token.",IT IAM + Security
V10.4.10,2,OAuth and OIDC,"Verify that confidential client is authenticated for client-to-authorized server backchannel requests such as token requests, pushed authorization requests (PAR), and token revocation requests.",PASS,test:java-backend/src/test/java/ge/magti/portal/security/CorporateAuthClientTest.java#sendsTheSampleRequestAsAFormPostAndReadsWhoSignedIn test:java-backend/src/test/java/ge/magti/portal/security/CorporateAuthClientTest.java#aRefusedClientCredentialIsUnavailableNotARejection,The portal authenticates to the token endpoint with its own client credential on every call.,IT IAM + Security
V10.4.11,2,OAuth and OIDC,Verify that the authorization server configuration only assigns the required scopes to the OAuth client.,EXTERNAL_BLOCKED,it:13 ledger:B1,"An authorization-server requirement; the server is the company's. The portal uses no redirect URI, code or refresh token.",IT IAM + Security
V10.4.12,3,OAuth and OIDC,"Verify that for a given client, the authorization server only allows the 'response_mode' value that this client needs to use. For example, by having the authorization server validate this value against the expected values or by using pushed authorization request (PAR) or JWT-secured Authorization Request (JAR).",OUT_OF_TARGET_LEVEL,ledger:D1,"L3: outside the target level the owner set (L2, ledger D1).",IT IAM + Security
V10.4.13,3,OAuth and OIDC,Verify that grant type 'code' is always used together with pushed authorization requests (PAR).,OUT_OF_TARGET_LEVEL,ledger:D1,"L3: outside the target level the owner set (L2, ledger D1).",IT IAM + Security
V10.4.14,3,OAuth and OIDC,"Verify that the authorization server issues only sender-constrained (Proof-of-Possession) access tokens, either with certificate-bound access tokens using mutual TLS (mTLS) or DPoP-bound access tokens (Demonstration of Proof of Possession).",OUT_OF_TARGET_LEVEL,ledger:D1,"L3: outside the target level the owner set (L2, ledger D1).",IT IAM + Security
V10.4.15,3,OAuth and OIDC,"Verify that, for a server-side client (which is not executed on the end-user device), the authorization server ensures that the 'authorization_details' parameter value is from the client backend and that the user has not tampered with it. For example, by requiring the usage of pushed authorization request (PAR) or JWT-secured Authorization Request (JAR).",OUT_OF_TARGET_LEVEL,ledger:D1,"L3: outside the target level the owner set (L2, ledger D1).",IT IAM + Security
V10.4.16,3,OAuth and OIDC,"Verify that the client is confidential and the authorization server requires the use of strong client authentication methods (based on public-key cryptography and resistant to replay attacks), such as mutual TLS ('tls_client_auth', 'self_signed_tls_client_auth') or private key JWT ('private_key_jwt').",OUT_OF_TARGET_LEVEL,ledger:D1,"L3: outside the target level the owner set (L2, ledger D1).",IT IAM + Security
V10.5.1,2,OAuth and OIDC,"Verify that the client (as the relying party) mitigates ID Token replay attacks. For example, by ensuring that the 'nonce' claim in the ID Token matches the 'nonce' value sent in the authentication request to the OpenID Provider (in OAuth2 refereed to as the authorization request sent to the authorization server).",N/A,test:tests/test_asvs_tripwires.py#test_no_id_tokens_are_consumed,No ID token or OIDC discovery is used.,IT IAM + Security
V10.5.2,2,OAuth and OIDC,"Verify that the client uniquely identifies the user from ID Token claims, usually the 'sub' claim, which cannot be reassigned to other users (for the scope of an identity provider).",N/A,test:tests/test_asvs_tripwires.py#test_no_id_tokens_are_consumed,No ID token or OIDC discovery is used.,IT IAM + Security
V10.5.3,2,OAuth and OIDC,Verify that the client rejects attempts by a malicious authorization server to impersonate another authorization server through authorization server metadata. The client must reject authorization server metadata if the issuer URL in the authorization server metadata does not exactly match the pre-configured issuer URL expected by the client.,N/A,test:tests/test_asvs_tripwires.py#test_no_id_tokens_are_consumed,No ID token or OIDC discovery is used.,IT IAM + Security
V10.5.4,2,OAuth and OIDC,Verify that the client validates that the ID Token is intended to be used for that client (audience) by checking that the 'aud' claim from the token is equal to the 'client_id' value for the client.,N/A,test:tests/test_asvs_tripwires.py#test_no_id_tokens_are_consumed,No ID token or OIDC discovery is used.,IT IAM + Security
V10.5.5,2,OAuth and OIDC,"Verify that, when using OIDC back-channel logout, the relying party mitigates denial of service through forced logout and cross-JWT confusion in the logout flow. The client must verify that the logout token is correctly typed with a value of 'logout+jwt', contains the 'event' claim with the correct member name, and does not contain a 'nonce' claim. Note that it is also recommended to have a short expiration (e.g., 2 minutes).",N/A,test:tests/test_asvs_tripwires.py#test_no_id_tokens_are_consumed,No ID token or OIDC discovery is used.,IT IAM + Security
V10.6.1,2,OAuth and OIDC,"Verify that the OpenID Provider only allows values 'code', 'ciba', 'id_token', or 'id_token code' for response mode. Note that 'code' is preferred over 'id_token code' (the OIDC Hybrid flow), and 'token' (any Implicit flow) must not be used.",N/A,file:java-backend/src/main/java/ge/magti/portal/security/CorporateAuthClient.java,OpenID-provider / consent requirement; the portal is not an OP or an authorization server.,IT IAM + Security
V10.6.2,2,OAuth and OIDC,"Verify that the OpenID Provider mitigates denial of service through forced logout. By obtaining explicit confirmation from the end-user or, if present, validating parameters in the logout request (initiated by the relying party), such as the 'id_token_hint'.",N/A,file:java-backend/src/main/java/ge/magti/portal/security/CorporateAuthClient.java,OpenID-provider / consent requirement; the portal is not an OP or an authorization server.,IT IAM + Security
V10.7.1,2,OAuth and OIDC,"Verify that the authorization server ensures that the user consents to each authorization request. If the identity of the client cannot be assured, the authorization server must always explicitly prompt the user for consent.",N/A,file:java-backend/src/main/java/ge/magti/portal/security/CorporateAuthClient.java,OpenID-provider / consent requirement; the portal is not an OP or an authorization server.,IT IAM + Security
V10.7.2,2,OAuth and OIDC,"Verify that when the authorization server prompts for user consent, it presents sufficient and clear information about what is being consented to. When applicable, this should include the nature of the requested authorizations (typically based on scope, resource server, Rich Authorization Requests (RAR) authorization details), the identity of the authorized application, and the lifetime of these authorizations.",N/A,file:java-backend/src/main/java/ge/magti/portal/security/CorporateAuthClient.java,OpenID-provider / consent requirement; the portal is not an OP or an authorization server.,IT IAM + Security
V10.7.3,2,OAuth and OIDC,"Verify that the user can review, modify, and revoke consents which the user has granted through the authorization server.",N/A,file:java-backend/src/main/java/ge/magti/portal/security/CorporateAuthClient.java,OpenID-provider / consent requirement; the portal is not an OP or an authorization server.,IT IAM + Security
V11.1.1,2,Cryptography,"Verify that there is a documented policy for management of cryptographic keys and a cryptographic key lifecycle that follows a key management standard such as NIST SP 800-57. This should include ensuring that keys are not overshared (for example, with more than two entities for shared secrets and more than one entity for private keys).",EXTERNAL_BLOCKED,it:15 ledger:B10 file:docs/security/SECURITY_CONTROLS_KA.md,"Key-management policy (NIST SP 800-57 lifecycle, custody, rotation) is Magti's standard; the portal's keys are listed in the controls document.",Backend + Security
V11.1.2,2,Cryptography,"Verify that a cryptographic inventory is performed, maintained, regularly updated, and includes all cryptographic keys, algorithms, and certificates used by the application. It must also document where keys can and cannot be used in the system, and the types of data that can and cannot be protected using the keys.",PASS,test:java-backend/src/test/java/ge/magti/portal/security/JwtServiceTest.java#theConfiguredAlgorithmIsTheOneThatSigns file:docs/security/SECURITY_CONTROLS_KA.md,"Inventory: HMAC-SHA256 session key, SHA-256 audit chain, bcrypt (development personas only), TLS at the ingress; where each may be used.",Backend + Security
V11.1.3,3,Cryptography,"Verify that cryptographic discovery mechanisms are employed to identify all instances of cryptography in the system, including encryption, hashing, and signing operations.",OUT_OF_TARGET_LEVEL,ledger:D1,"L3: outside the target level the owner set (L2, ledger D1).",Backend + Security
V11.1.4,3,Cryptography,"Verify that a cryptographic inventory is maintained. This must include a documented plan that outlines the migration path to new cryptographic standards, such as post-quantum cryptography, in order to react to future threats.",OUT_OF_TARGET_LEVEL,ledger:D1,"L3: outside the target level the owner set (L2, ledger D1).",Backend + Security
V11.2.1,2,Cryptography,Verify that industry-validated implementations (including libraries and hardware-accelerated implementations) are used for cryptographic operations.,PASS,test:tests/test_asvs_tripwires.py#test_no_hand_rolled_cryptography,"jjwt, the JDK's MessageDigest, Spring Security's BCrypt and Oracle's STANDARD_HASH; nothing hand-rolled.",Backend + Security
V11.2.2,2,Cryptography,"Verify that the application is designed with crypto agility such that random number, authenticated encryption, MAC, or hashing algorithms, key lengths, rounds, ciphers and modes can be reconfigured, upgraded, or swapped at any time, to protect against cryptographic breaks. Similarly, it must also be possible to replace keys and passwords and re-encrypt data. This will allow for seamless upgrades to post-quantum cryptography (PQC), once high-assurance implementations of approved PQC schemes or standards are widely available.",RISK_ACCEPTED,ledger:D7 file:docs/security/SECURITY_CONTROLS_KA.md test:java-backend/src/test/java/ge/magti/portal/security/JwtServiceTest.java#theConfiguredAlgorithmIsTheOneThatSigns,"The session key and its HMAC algorithm are replaceable by configuration, but SHA-256 is fixed in the audit chain's trigger and verification; replacing it means a migration and a re-anchored chain. Accepted by the owner (ledger D7, 2026-09-26).",Backend + Security
V11.2.3,2,Cryptography,"Verify that all cryptographic primitives utilize a minimum of 128-bits of security based on the algorithm, key size, and configuration. For example, a 256-bit ECC key provides roughly 128 bits of security where RSA requires a 3072-bit key to achieve 128 bits of security.",PASS,test:java-backend/src/test/java/ge/magti/portal/config/ProductionSafetyGuardTest.java#productionWithShortSecretFailsLoud test:java-backend/src/test/java/ge/magti/portal/audit/AuditChainServiceTest.java#verifyDetectsADeletedPredecessor,HMAC-SHA256 with a key of at least 256 bits (enforced at start-up); SHA-256 for integrity.,Backend + Security
V11.2.4,3,Cryptography,"Verify that all cryptographic operations are constant-time, with no 'short-circuit' operations in comparisons, calculations, or returns, to avoid leaking information.",OUT_OF_TARGET_LEVEL,ledger:D1,"L3: outside the target level the owner set (L2, ledger D1).",Backend + Security
V11.2.5,3,Cryptography,"Verify that all cryptographic modules fail securely, and errors are handled in a way that does not enable vulnerabilities, such as Padding Oracle attacks.",OUT_OF_TARGET_LEVEL,ledger:D1,"L3: outside the target level the owner set (L2, ledger D1).",Backend + Security
V11.3.1,1,Cryptography,"Verify that insecure block modes (e.g., ECB) and weak padding schemes (e.g., PKCS#1 v1.5) are not used.",N/A,test:tests/test_asvs_tripwires.py#test_no_hand_rolled_cryptography,The application encrypts nothing itself; transport encryption is TLS at the ingress.,Backend + Security
V11.3.2,1,Cryptography,Verify that only approved ciphers and modes such as AES with GCM are used.,N/A,test:tests/test_asvs_tripwires.py#test_no_hand_rolled_cryptography,The application encrypts nothing itself; transport encryption is TLS at the ingress.,Backend + Security
V11.3.3,2,Cryptography,Verify that encrypted data is protected against unauthorized modification preferably by using an approved authenticated encryption method or by combining an approved encryption method with an approved MAC algorithm.,N/A,test:tests/test_asvs_tripwires.py#test_no_hand_rolled_cryptography,The application encrypts nothing itself; transport encryption is TLS at the ingress.,Backend + Security
V11.3.4,3,Cryptography,"Verify that nonces, initialization vectors, and other single-use numbers are not used for more than one encryption key and data-element pair. The method of generation must be appropriate for the algorithm being used.",OUT_OF_TARGET_LEVEL,ledger:D1,"L3: outside the target level the owner set (L2, ledger D1).",Backend + Security
V11.3.5,3,Cryptography,Verify that any combination of an encryption algorithm and a MAC algorithm is operating in encrypt-then-MAC mode.,OUT_OF_TARGET_LEVEL,ledger:D1,"L3: outside the target level the owner set (L2, ledger D1).",Backend + Security
V11.4.1,1,Cryptography,"Verify that only approved hash functions are used for general cryptographic use cases, including digital signatures, HMAC, KDF, and random bit generation. Disallowed hash functions, such as MD5, must not be used for any cryptographic purpose.",PASS,test:tests/test_asvs_tripwires.py#test_no_weak_hashes,No MD5 or SHA-1 for any purpose in Java or SQL.,Backend + Security
V11.4.2,2,Cryptography,"Verify that passwords are stored using an approved, computationally intensive, key derivation function (also known as a ""password hashing function""), with parameter settings configured based on current guidance. The settings should balance security and performance to make brute-force attacks sufficiently challenging for the required level of security.",PASS,test:java-backend/src/test/java/ge/magti/portal/security/AuthenticationServiceTest.java#realUserNeedsTheCorrectBcryptPassword,The only stored passwords (development personas' fixtures) are bcrypt; production stores none.,Backend + Security
V11.4.3,2,Cryptography,"Verify that hash functions used in digital signatures, as part of data authentication or data integrity are collision resistant and have appropriate bit-lengths. If collision resistance is required, the output length must be at least 256 bits. If only resistance to second pre-image attacks is required, the output length must be at least 128 bits.",PASS,test:java-backend/src/test/java/ge/magti/portal/audit/AuditChainServiceTest.java#verifyDetectsADeletedPredecessor,SHA-256 (256-bit output) for the audit chain.,Backend + Security
V11.4.4,2,Cryptography,Verify that the application uses approved key derivation functions with key stretching parameters when deriving secret keys from passwords. The parameters in use must balance security and performance to prevent brute-force attacks from compromising the resulting cryptographic key.,N/A,test:tests/test_asvs_tripwires.py#test_no_hand_rolled_cryptography,No key is derived from a password.,Backend + Security
V11.5.1,2,Cryptography,Verify that all random numbers and strings which are intended to be non-guessable must be generated using a cryptographically secure pseudo-random number generator (CSPRNG) and have at least 128 bits of entropy. Note that UUIDs do not respect this condition.,PASS,test:java-backend/src/test/java/ge/magti/portal/security/SecurityConfigIntegrationTest.java#theCsrfTokenCarries256RandomBits test:tests/test_asvs_tripwires.py#test_no_insecure_randomness,Security-relevant random values (CSRF token) come from SecureRandom with 256 bits; java.util.Random is not used for them.,Backend + Security
V11.5.2,3,Cryptography,"Verify that the random number generation mechanism in use is designed to work securely, even under heavy demand.",OUT_OF_TARGET_LEVEL,ledger:D1,"L3: outside the target level the owner set (L2, ledger D1).",Backend + Security
V11.6.1,2,Cryptography,"Verify that only approved cryptographic algorithms and modes of operation are used for key generation and seeding, and digital signature generation and verification. Key generation algorithms must not generate insecure keys vulnerable to known attacks, for example, RSA keys which are vulnerable to Fermat factorization.",PASS,test:java-backend/src/test/java/ge/magti/portal/security/JwtServiceTest.java#aTokenSignedWithAnotherKeyIsRejected,HMAC-SHA256 only.,Backend + Security
V11.6.2,3,Cryptography,Verify that approved cryptographic algorithms are used for key exchange (such as Diffie-Hellman) with a focus on ensuring that key exchange mechanisms use secure parameters. This will prevent attacks on the key establishment process which could lead to adversary-in-the-middle attacks or cryptographic breaks.,OUT_OF_TARGET_LEVEL,ledger:D1,"L3: outside the target level the owner set (L2, ledger D1).",Backend + Security
V11.7.1,3,Cryptography,"Verify that full memory encryption is in use that protects sensitive data while it is in use, preventing access by unauthorized users or processes.",OUT_OF_TARGET_LEVEL,ledger:D1,"L3: outside the target level the owner set (L2, ledger D1).",Backend + Security
V11.7.2,3,Cryptography,"Verify that data minimization ensures the minimal amount of data is exposed during processing, and ensure that data is encrypted immediately after use or as soon as feasible.",OUT_OF_TARGET_LEVEL,ledger:D1,"L3: outside the target level the owner set (L2, ledger D1).",Backend + Security
V12.1.1,1,Secure Communication,"Verify that only the latest recommended versions of the TLS protocol are enabled, such as TLS 1.2 and TLS 1.3. The latest version of the TLS protocol must be the preferred option.",EXTERNAL_BLOCKED,it:4 ledger:B4,"TLS versions, suites and certificates are the ingress's (IT).",DevOps + Security
V12.1.2,2,Secure Communication,"Verify that only recommended cipher suites are enabled, with the strongest cipher suites set as preferred. L3 applications must only support cipher suites which provide forward secrecy.",EXTERNAL_BLOCKED,it:4 ledger:B4,"TLS versions, suites and certificates are the ingress's (IT).",DevOps + Security
V12.1.3,2,Secure Communication,Verify that the application validates that mTLS client certificates are trusted before using the certificate identity for authentication or authorization.,N/A,file:java-backend/src/main/java/ge/magti/portal/security/SecurityConfig.java,No mTLS client certificates are used.,DevOps + Security
V12.1.4,3,Secure Communication,"Verify that proper certification revocation, such as Online Certificate Status Protocol (OCSP) Stapling, is enabled and configured.",OUT_OF_TARGET_LEVEL,ledger:D1,"L3: outside the target level the owner set (L2, ledger D1).",DevOps + Security
V12.1.5,3,Secure Communication,"Verify that Encrypted Client Hello (ECH) is enabled in the application's TLS settings to prevent exposure of sensitive metadata, such as the Server Name Indication (SNI), during TLS handshake processes.",OUT_OF_TARGET_LEVEL,ledger:D1,"L3: outside the target level the owner set (L2, ledger D1).",DevOps + Security
V12.2.1,1,Secure Communication,"Verify that TLS is used for all connectivity between a client and external facing, HTTP-based services, and does not fall back to insecure or unencrypted communications.",EXTERNAL_BLOCKED,it:4 ledger:B4,"TLS versions, suites and certificates are the ingress's (IT).",DevOps + Security
V12.2.2,1,Secure Communication,Verify that external facing services use publicly trusted TLS certificates.,EXTERNAL_BLOCKED,it:4 ledger:B4,"TLS versions, suites and certificates are the ingress's (IT).",DevOps + Security
V12.3.1,2,Secure Communication,"Verify that an encrypted protocol such as TLS is used for all inbound and outbound connections to and from the application, including monitoring systems, management tools, remote access and SSH, middleware, databases, mainframes, partner systems, or external APIs. The server must not fall back to insecure or unencrypted protocols.",EXTERNAL_BLOCKED,it:4 it:5 ledger:B4,Browser-to-ingress and portal-to-directory are TLS; database and in-cluster links depend on IT's Oracle and network setup.,DevOps + Security
V12.3.2,2,Secure Communication,Verify that TLS clients validate certificates received before communicating with a TLS server.,PASS,test:tests/test_asvs_tripwires.py#test_tls_validation_is_never_disabled,The directory call uses the JDK client's default certificate and hostname validation; nothing overrides it.,DevOps + Security
V12.3.3,2,Secure Communication,"Verify that TLS or another appropriate transport encryption mechanism used for all connectivity between internal, HTTP-based services within the application, and does not fall back to insecure or unencrypted communications.",EXTERNAL_BLOCKED,it:4 ledger:B4,nginx to backend is plain HTTP inside the pod network; mTLS/service mesh is IT's platform decision.,DevOps + Security
V12.3.4,2,Secure Communication,"Verify that TLS connections between internal services use trusted certificates. Where internally generated or self-signed certificates are used, the consuming service must be configured to only trust specific internal CAs and specific self-signed certificates.",EXTERNAL_BLOCKED,it:4 ledger:B4,Depends on the same platform decision.,DevOps + Security
V12.3.5,3,Secure Communication,"Verify that services communicating internally within a system (intra-service communications) use strong authentication to ensure that each endpoint is verified. Strong authentication methods, such as TLS client authentication, must be employed to ensure identity, using public-key infrastructure and mechanisms that are resistant to replay attacks. For microservice architectures, consider using a service mesh to simplify certificate management and enhance security.",OUT_OF_TARGET_LEVEL,ledger:D1,"L3: outside the target level the owner set (L2, ledger D1).",DevOps + Security
V13.1.1,2,Configuration,Verify that all communication needs for the application are documented. This must include external services which the application relies upon and cases where an end user might be able to provide an external location to which the application will then connect.,PASS,test:tests/test_asvs_tripwires.py#test_outbound_http_only_to_the_directory file:docs/security/SECURITY_CONTROLS_KA.md file:k8s/README_KA.md,"Every inbound and outbound connection is listed (ingress, Oracle, directory token endpoint, Prometheus scrape); no user-supplied destination exists.",DevOps + Security
V13.1.2,3,Configuration,"Verify that for each service the application uses, the documentation defines the maximum number of concurrent connections (e.g., connection pool limits) and how the application behaves when that limit is reached, including any fallback or recovery mechanisms, to prevent denial of service conditions.",OUT_OF_TARGET_LEVEL,ledger:D1,"L3: outside the target level the owner set (L2, ledger D1).",DevOps + Security
V13.1.3,3,Configuration,"Verify that the application documentation defines resource‑management strategies for every external system or service it uses (e.g., databases, file handles, threads, HTTP connections). This should include resource‑release procedures, timeout settings, failure handling, and where retry logic is implemented, specifying retry limits, delays, and back‑off algorithms. For synchronous HTTP request–response operations it should mandate short timeouts and either disable retries or strictly limit retries to prevent cascading delays and resource exhaustion.",OUT_OF_TARGET_LEVEL,ledger:D1,"L3: outside the target level the owner set (L2, ledger D1).",DevOps + Security
V13.1.4,3,Configuration,"Verify that the application's documentation defines the secrets that are critical for the security of the application and a schedule for rotating them, based on the organization's threat model and business requirements.",OUT_OF_TARGET_LEVEL,ledger:D1,"L3: outside the target level the owner set (L2, ledger D1).",DevOps + Security
V13.2.1,2,Configuration,"Verify that communications between backend application components that don't support the application's standard user session mechanism, including APIs, middleware, and data layers, are authenticated. Authentication must use individual service accounts, short-term tokens, or certificate-based authentication and not unchanging credentials such as passwords, API keys, or shared accounts with privileged access.",PASS,test:java-backend/src/test/java/ge/magti/portal/docs/DeploymentSecretRecipeTest.java#everySecretCreationRecipeSuppliesAllThreeKeysWithoutLiteralValues test:java-backend/src/test/java/ge/magti/portal/security/CorporateAuthClientTest.java#sendsTheSampleRequestAsAFormPostAndReadsWhoSignedIn,The database and the directory each authenticate the portal with its own credential from the Kubernetes Secret.,DevOps + Security
V13.2.2,2,Configuration,"Verify that communications between backend application components, including local or operating system services, APIs, middleware, and data layers, are performed with accounts assigned the least necessary privileges.",EXTERNAL_BLOCKED,it:5,The Oracle schema account's privileges are granted by the DBA; the portal needs DML on its own schema plus Flyway's DDL at migration.,DevOps + Security
V13.2.3,2,Configuration,"Verify that if a credential has to be used for service authentication, the credential being used by the consumer is not a default credential (e.g., root/root or admin/admin).",PASS,test:java-backend/src/test/java/ge/magti/portal/config/ProductionSafetyGuardTest.java#productionWithShippedDevDatabasePasswordFailsLoud test:java-backend/src/test/java/ge/magti/portal/config/ProductionSafetyGuardTest.java#everyKnownDevDatabasePasswordIsRejected,"Production refuses to start with a blank, placeholder or shipped development credential.",DevOps + Security
V13.2.4,2,Configuration,"Verify that an allowlist is used to define the external resources or systems with which the application is permitted to communicate (e.g., for outbound requests, data loads, or file access). This allowlist can be implemented at the application layer, web server, firewall, or a combination of different layers.",PASS,test:tests/test_asvs_tripwires.py#test_outbound_http_only_to_the_directory,The application talks to one configured external system; egress filtering in the cluster is additionally IT's.,DevOps + Security
V13.2.5,2,Configuration,Verify that the web or application server is configured with an allowlist of resources or systems to which the server can send requests or load data or files from.,PASS,test:tests/test_asvs_tripwires.py#test_outbound_http_only_to_the_directory,Same allowlist of one.,DevOps + Security
V13.2.6,3,Configuration,"Verify that where the application connects to separate services, it follows the documented configuration for each connection, such as maximum parallel connections, behavior when maximum allowed connections is reached, connection timeouts, and retry strategies.",OUT_OF_TARGET_LEVEL,ledger:D1,"L3: outside the target level the owner set (L2, ledger D1).",DevOps + Security
V13.3.1,2,Configuration,"Verify that a secrets management solution, such as a key vault, is used to securely create, store, control access to, and destroy backend secrets. These could include passwords, key material, integrations with databases and third-party systems, keys and seeds for time-based tokens, other internal secrets, and API keys. Secrets must not be included in application source code or included in build artifacts. For an L3 application, this must involve a hardware-backed solution such as an HSM.",EXTERNAL_BLOCKED,it:15 ledger:B10 file:docs/security/SECURITY_CONTROLS_KA.md,Secrets live in a Kubernetes Secret created outside git; the vault behind it is Magti's.,DevOps + Security
V13.3.2,2,Configuration,Verify that access to secret assets adheres to the principle of least privilege.,EXTERNAL_BLOCKED,it:15 ledger:B10 file:docs/security/SECURITY_CONTROLS_KA.md,Who may read that Secret is Magti's RBAC.,DevOps + Security
V13.3.3,3,Configuration,Verify that all cryptographic operations are performed using an isolated security module (such as a vault or hardware security module) to securely manage and protect key material from exposure outside of the security module.,OUT_OF_TARGET_LEVEL,ledger:D1,"L3: outside the target level the owner set (L2, ledger D1).",DevOps + Security
V13.3.4,3,Configuration,Verify that secrets are configured to expire and be rotated based on the application's documentation.,OUT_OF_TARGET_LEVEL,ledger:D1,"L3: outside the target level the owner set (L2, ledger D1).",DevOps + Security
V13.4.1,1,Configuration,"Verify that the application is deployed either without any source control metadata, including the .git or .svn folders, or in a way that these folders are inaccessible both externally and to the application itself.",PASS,test:tests/test_asvs_tripwires.py#test_images_ship_no_source_control_metadata,Neither image contains .git; both build contexts exclude it.,DevOps + Security
V13.4.2,2,Configuration,Verify that debug modes are disabled for all components in production environments to prevent exposure of debugging features and information leakage.,PASS,test:java-backend/src/test/java/ge/magti/portal/config/ProductionSafetyGuardTest.java#productionWithRealSecretAndSecureCookiePasses test:java-backend/src/test/java/ge/magti/portal/config/DefaultSecurityPostureTest.java#withNoEnvironmentVariablesNobodyCanLogInWithAnArbitraryPassword,"Development login, stack traces in responses and devtools are absent or refused in production.",DevOps + Security
V13.4.3,2,Configuration,Verify that web servers do not expose directory listings to clients unless explicitly intended.,PASS,test:angular-frontend/e2e/nginx-headers.spec.ts#no_directory_listing_and_no_TRACE,nginx lists no directories.,DevOps + Security
V13.4.4,2,Configuration,"Verify that using the HTTP TRACE method is not supported in production environments, to avoid potential information leakage.",PASS,test:angular-frontend/e2e/nginx-headers.spec.ts#no_directory_listing_and_no_TRACE,TRACE is refused by nginx and by Tomcat.,DevOps + Security
V13.4.5,2,Configuration,Verify that documentation (such as for internal APIs) and monitoring endpoints are not exposed unless explicitly intended.,PASS,test:java-backend/src/test/java/ge/magti/portal/web/MetricsEndpointIntegrationTest.java#nothingElseWasOpenedAlongWithIt test:tests/test_asvs_tripwires.py#test_no_api_documentation_is_served,"No API documentation is served; actuator exposes health and Prometheus only, and nginx forwards only /api/ and /uploads/.",DevOps + Security
V13.4.6,3,Configuration,Verify that the application does not expose detailed version information of backend components.,OUT_OF_TARGET_LEVEL,ledger:D1,"L3: outside the target level the owner set (L2, ledger D1).",DevOps + Security
V13.4.7,3,Configuration,"Verify that the web tier is configured to only serve files with specific file extensions to prevent unintentional information, configuration, and source code leakage.",OUT_OF_TARGET_LEVEL,ledger:D1,"L3: outside the target level the owner set (L2, ledger D1).",DevOps + Security
V14.1.1,2,Data Protection,"Verify that all sensitive data created and processed by the application has been identified and classified into protection levels. This includes data that is only encoded and therefore easily decoded, such as Base64 strings or the plaintext payload inside a JWT. Protection levels need to take into account any data protection and privacy regulations and standards which the application is required to comply with.",PASS,file:docs/security/SECURITY_CONTROLS_KA.md,Data classes and their protection levels are listed.,DBA + Security
V14.1.2,2,Data Protection,"Verify that all sensitive data protection levels have a documented set of protection requirements. This must include (but not be limited to) requirements related to general encryption, integrity verification, retention, how the data is to be logged, access controls around sensitive data in logs, database-level encryption, privacy and privacy-enhancing technologies to be used, and other confidentiality requirements.",PASS,file:docs/security/SECURITY_CONTROLS_KA.md,"Each level's handling (access, logging, retention, export) is stated.",DBA + Security
V14.2.1,1,Data Protection,"Verify that sensitive data is only sent to the server in the HTTP message body or header fields, and that the URL and query string do not contain sensitive information, such as an API key or session token.",PASS,test:java-backend/src/test/java/ge/magti/portal/security/JwtAuthenticationFilterTest.java#aTokenInTheQueryStringIsIgnored test:tests/test_asvs_tripwires.py#test_no_secrets_in_urls,Tokens travel only in a cookie or the Authorization header; the password only in a POST body.,DBA + Security
V14.2.2,2,Data Protection,"Verify that the application prevents sensitive data from being cached in server components, such as load balancers and application caches, or ensures that the data is securely purged after use.",PASS,test:java-backend/src/test/java/ge/magti/portal/web/SecurityHeadersIntegrationTest.java#apiResponsesCannotBeSniffedFramedOrCached test:java-backend/src/test/java/ge/magti/portal/search/GlobalSearchCacheTest.java#aRepeatedSearchIsAnsweredAfreshSoNewContentShowsAtOnce,API responses are no-store; the only server cache holds per-user search answers for 60 seconds. 2026-10-01: that store is gone; a search answer is held only while its own request runs.,DBA + Security
V14.2.3,2,Data Protection,"Verify that defined sensitive data is not sent to untrusted parties (e.g., user trackers) to prevent unwanted collection of data outside of the application's control.",PASS,test:tests/test_asvs_tripwires.py#test_no_third_party_scripts_or_trackers test:angular-frontend/e2e/nginx-headers.spec.ts#the_page_and_its_assets_carry_the_security_headers,No analytics or third-party scripts; the CSP limits connections to the portal itself.,DBA + Security
V14.2.4,2,Data Protection,"Verify that controls around sensitive data related to encryption, integrity verification, retention, how the data is to be logged, access controls around sensitive data in logs, privacy and privacy-enhancing technologies, are implemented as defined in the documentation for the specific data's protection level.",PASS,test:java-backend/src/test/java/ge/magti/portal/security/SystemAdminPiiSurfaceIntegrationTest.java#everyNonAdminRoleIsForbiddenFromSystemAdminPiiSurfaces test:java-backend/src/test/java/ge/magti/portal/export/ExportSecretRedactorTest.java#recursivelyRedactsCredentialFieldsButKeepsIntegrityHashes,"The documented handling is implemented: PII only to the named roles, secrets redacted from exports, credentials never logged.",DBA + Security
V14.2.5,3,Data Protection,"Verify that caching mechanisms are configured to only cache responses which have the expected content type for that resource and do not contain sensitive, dynamic content. The web server should return a 404 or 302 response when a non-existent file is accessed rather than returning a different, valid file. This should prevent Web Cache Deception attacks.",OUT_OF_TARGET_LEVEL,ledger:D1,"L3: outside the target level the owner set (L2, ledger D1).",DBA + Security
V14.2.6,3,Data Protection,"Verify that the application only returns the minimum required sensitive data for the application's functionality. For example, only returning some of the digits of a credit card number and not the full number. If the complete data is required, it should be masked in the user interface unless the user specifically views it.",OUT_OF_TARGET_LEVEL,ledger:D1,"L3: outside the target level the owner set (L2, ledger D1).",DBA + Security
V14.2.7,3,Data Protection,"Verify that sensitive information is subject to data retention classification, ensuring that outdated or unnecessary data is deleted automatically, on a defined schedule, or as the situation requires.",OUT_OF_TARGET_LEVEL,ledger:D1,"L3: outside the target level the owner set (L2, ledger D1).",DBA + Security
V14.2.8,3,Data Protection,Verify that sensitive information is removed from the metadata of user-submitted files unless storage is consented to by the user.,OUT_OF_TARGET_LEVEL,ledger:D1,"L3: outside the target level the owner set (L2, ledger D1).",DBA + Security
V14.3.1,1,Data Protection,"Verify that authenticated data is cleared from client storage, such as the browser DOM, after the client or session is terminated. The 'Clear-Site-Data' HTTP response header field may be able to help with this but the client-side should also be able to clear up if the server connection is not available when the session is terminated.",PASS,test:angular-frontend/e2e/operator-browsing.spec.ts#the_next_person_on_the_same_browser_sees_nothing_of_the_last test:java-backend/src/test/java/ge/magti/portal/web/AuthControllerIntegrationTest.java#logoutClearsTheCookie,"Logout clears the cookie and reloads the page, so nothing the previous user loaded survives in memory.",DBA + Security
V14.3.2,2,Data Protection,"Verify that the application sets sufficient anti-caching HTTP response header fields (i.e., Cache-Control: no-store) so that sensitive data is not cached in browsers.",PASS,test:java-backend/src/test/java/ge/magti/portal/web/SecurityHeadersIntegrationTest.java#apiResponsesCannotBeSniffedFramedOrCached test:java-backend/src/test/java/ge/magti/portal/web/AttachmentAccessIntegrationTest.java#theResponseIsNeverCacheableBySomethingOtherThanTheBrowser,Cache-Control: no-store on API and file responses.,DBA + Security
V14.3.3,2,Data Protection,"Verify that data stored in browser storage (such as localStorage, sessionStorage, IndexedDB, or cookies) does not contain sensitive data, with the exception of session tokens.",PASS,test:tests/test_asvs_tripwires.py#test_browser_storage_holds_only_display_preferences,"localStorage holds three display preferences (theme, font scale, sidebar); no session data.",DBA + Security
V15.1.1,1,Secure Coding and Architecture,"Verify that application documentation defines risk based remediation time frames for 3rd party component versions with vulnerabilities and for updating libraries in general, to minimize the risk from these components.",PASS,file:docs/security/SECURITY_CONTROLS_KA.md file:.github/workflows/ci.yml,Remediation time frames per severity are documented; CI fails on HIGH/CRITICAL findings.,Backend + Security
V15.1.2,2,Secure Coding and Architecture,"Verify that an inventory catalog, such as software bill of materials (SBOM), is maintained of all third-party libraries in use, including verifying that components come from pre-defined, trusted, and continually maintained repositories.",PASS,test:.github/workflows/ci.yml#cyclonedx:makeAggregateBom file:.github/workflows/ci.yml file:docs/security/SECURITY_CONTROLS_KA.md,"CycloneDX SBOMs for both halves on every CI run, from npm and Maven Central only. Their upload is currently blocked by the account's artifact quota (ledger A1).",Backend + Security
V15.1.3,2,Secure Coding and Architecture,"Verify that the application documentation identifies functionality which is time-consuming or resource-demanding. This must include how to prevent a loss of availability due to overusing this functionality and how to avoid a situation where building a response takes longer than the consumer's timeout. Potential defenses may include asynchronous processing, using queues, and limiting parallel processes per user and per application.",PASS,file:docs/security/SECURITY_CONTROLS_KA.md,"Resource-demanding functions (exports, compliance aggregation, global search, uploads) and their guards are documented.",Backend + Security
V15.1.4,3,Secure Coding and Architecture,"Verify that application documentation highlights third-party libraries which are considered to be ""risky components"".",OUT_OF_TARGET_LEVEL,ledger:D1,"L3: outside the target level the owner set (L2, ledger D1).",Backend + Security
V15.1.5,3,Secure Coding and Architecture,"Verify that application documentation highlights parts of the application where ""dangerous functionality"" is being used.",OUT_OF_TARGET_LEVEL,ledger:D1,"L3: outside the target level the owner set (L2, ledger D1).",Backend + Security
V15.2.1,1,Secure Coding and Architecture,Verify that the application only contains components which have not breached the documented update and remediation time frames.,PASS,test:.github/workflows/ci.yml#trivy file:docs/security/SECURITY_CONTROLS_KA.md,Every CI run scans both SBOMs and both runtime images and fails on HIGH/CRITICAL.,Backend + Security
V15.2.2,2,Secure Coding and Architecture,"Verify that the application has implemented defenses against loss of availability due to functionality which is time-consuming or resource-demanding, based on the documented security decisions and strategies for this.",PASS,test:java-backend/src/test/java/ge/magti/portal/web/GlobalExceptionHandlerTest.java#oversizedCompleteResultBecomesAStable413WithoutCorrelationId test:java-backend/src/test/java/ge/magti/portal/export/ExportSizeGuardTest.java#rejectsOneRowOverLimit,Exports run as jobs with row limits; list endpoints are bounded and fail with 413 instead of degrading.,Backend + Security
V15.2.3,2,Secure Coding and Architecture,"Verify that the production environment only includes functionality that is required for the application to function, and does not expose extraneous functionality such as test code, sample snippets, and development functionality.",PASS,test:java-backend/src/test/java/ge/magti/portal/config/ProductionSafetyGuardTest.java#productionWithRealSecretAndSecureCookiePasses test:java-backend/src/test/java/ge/magti/portal/config/DefaultSecurityPostureTest.java#withNoEnvironmentVariablesNobodyCanLogInWithAnArbitraryPassword,Test code is not packaged; the development personas and seeding exist only outside production.,Backend + Security
V15.2.4,3,Secure Coding and Architecture,"Verify that third-party components and all of their transitive dependencies are included from the expected repository, whether internally owned or an external source, and that there is no risk of a dependency confusion attack.",OUT_OF_TARGET_LEVEL,ledger:D1,"L3: outside the target level the owner set (L2, ledger D1).",Backend + Security
V15.2.5,3,Secure Coding and Architecture,"Verify that the application implements additional protections around parts of the application which are documented as containing ""dangerous functionality"" or using third-party libraries considered to be ""risky components"". This could include techniques such as sandboxing, encapsulation, containerization or network level isolation to delay and deter attackers who compromise one part of an application from pivoting elsewhere in the application.",OUT_OF_TARGET_LEVEL,ledger:D1,"L3: outside the target level the owner set (L2, ledger D1).",Backend + Security
V15.3.1,1,Secure Coding and Architecture,"Verify that the application only returns the required subset of fields from a data object. For example, it should not return an entire data object, as some individual fields should not be accessible to users.",PASS,test:java-backend/src/test/java/ge/magti/portal/web/ResponseShapeContractTest.java#theUserResponsesCarryIdentityProgressAndPermissionStateOnly test:java-backend/src/test/java/ge/magti/portal/web/ResponseShapeContractTest.java#groupLeaderRowsCarryNoContactDetails,"Responses are records with explicit fields, pinned where they carry employee identity.",Backend + Security
V15.3.2,2,Secure Coding and Architecture,"Verify that where the application backend makes calls to external URLs, it is configured to not follow redirects unless it is intended functionality.",PASS,test:java-backend/src/test/java/ge/magti/portal/security/CorporateAuthClientTest.java#aRedirectFromTheTokenEndpointIsNotFollowed,The one outbound client never follows redirects.,Backend + Security
V15.3.3,2,Secure Coding and Architecture,"Verify that the application has countermeasures to protect against mass assignment attacks by limiting allowed fields per controller and action, e.g., it is not possible to insert or update a field value when it was not intended to be part of that action.",PASS,test:java-backend/src/test/java/ge/magti/portal/web/UserControllerIntegrationTest.java#updateCurrentUserChangesOnlyTheCallersProfileFields test:java-backend/src/test/java/ge/magti/portal/web/NewsControllerIntegrationTest.java#updatingNewsPreservesAuthorIdIsDraftAndExpiresAt,"Requests bind into purpose-built records; fields outside them (role, author, flags) cannot be set.",Backend + Security
V15.3.4,2,Secure Coding and Architecture,"Verify that all proxying and middleware components transfer the user's original IP address correctly using trusted data fields that cannot be manipulated by the end user, and the application and web server use this correct value for logging and security decisions such as rate limiting, taking into account that even the original IP address may not be reliable due to dynamic IPs, VPNs, or corporate firewalls.",EXTERNAL_BLOCKED,test:java-backend/src/test/java/ge/magti/portal/security/ClientIpResolverTest.java#anUntrustedPeerCannotSpoofItsOwnAddress test:java-backend/src/test/java/ge/magti/portal/web/ProxyLoginAttributionIntegrationTest.java#twoClientsHaveDistinctAuditAddressesAndThrottleBudgetsThroughBothProxyHops it:4 ledger:B4,The code takes the client address only from trusted hops (tested); the real proxy chain is IT's (B4).,Backend + Security
V15.3.5,2,Secure Coding and Architecture,Verify that the application explicitly ensures that variables are of the correct type and performs strict equality and comparator operations. This is to avoid type juggling or type confusion vulnerabilities caused by the application code making an assumption about a variable type.,PASS,test:java-backend/src/test/java/ge/magti/portal/web/GlobalExceptionHandlerTest.java#anUnbindablePathParameterBecomesA400WithoutCorrelationId,Java binds into declared types and refuses what does not fit; TypeScript is compiled in strict mode.,Backend + Security
V15.3.6,2,Secure Coding and Architecture,"Verify that JavaScript code is written in a way that prevents prototype pollution, for example, by using Set() or Map() instead of object literals.",PASS,test:tests/test_asvs_tripwires.py#test_no_deep_merge_of_untrusted_objects,No deep merge or dynamic property assignment of server or user data.,Backend + Security
V15.3.7,2,Secure Coding and Architecture,"Verify that the application has defenses against HTTP parameter pollution attacks, particularly if the application framework makes no distinction about the source of request parameters (query string, body parameters, cookies, or header fields).",PASS,test:java-backend/src/test/java/ge/magti/portal/web/RepeatedParameterGuardTest.java#aRepeatedSingleValuedParameterIsRefused test:java-backend/src/test/java/ge/magti/portal/web/RepeatedParameterGuardTest.java#aFormFieldCannotJoinTheQueryStringsValue test:java-backend/src/test/java/ge/magti/portal/web/SearchControllerIntegrationTest.java#aSearchTermGivenTwiceIsRefused,"A parameter a handler binds as one value is refused (400) when it arrives twice, including once in the query string and once in a form body -- Spring would otherwise take the first number or join the texts. Headers and cookies are separate bindings.",Backend + Security
V15.4.1,3,Secure Coding and Architecture,"Verify that shared objects in multi-threaded code (such as caches, files, or in-memory objects accessed by multiple threads) are accessed safely by using thread-safe types and synchronization mechanisms like locks or semaphores to avoid race conditions and data corruption.",OUT_OF_TARGET_LEVEL,ledger:D1,"L3: outside the target level the owner set (L2, ledger D1).",Backend + Security
V15.4.2,3,Secure Coding and Architecture,"Verify that checks on a resource's state, such as its existence or permissions, and the actions that depend on them are performed as a single atomic operation to prevent time-of-check to time-of-use (TOCTOU) race conditions. For example, checking if a file exists before opening it, or verifying a user’s access before granting it.",OUT_OF_TARGET_LEVEL,ledger:D1,"L3: outside the target level the owner set (L2, ledger D1).",Backend + Security
V15.4.3,3,Secure Coding and Architecture,"Verify that locks are used consistently to avoid threads getting stuck, whether by waiting on each other or retrying endlessly, and that locking logic stays within the code responsible for managing the resource to ensure locks cannot be inadvertently or maliciously modified by external classes or code.",OUT_OF_TARGET_LEVEL,ledger:D1,"L3: outside the target level the owner set (L2, ledger D1).",Backend + Security
V15.4.4,3,Secure Coding and Architecture,"Verify that resource allocation policies prevent thread starvation by ensuring fair access to resources, such as by leveraging thread pools, allowing lower-priority threads to proceed within a reasonable timeframe.",OUT_OF_TARGET_LEVEL,ledger:D1,"L3: outside the target level the owner set (L2, ledger D1).",Backend + Security
V16.1.1,2,Security Logging and Error Handling,"Verify that an inventory exists documenting the logging performed at each layer of the application's technology stack, what events are being logged, log formats, where that logging is stored, how it is used, how access to it is controlled, and for how long logs are kept.",PASS,test:java-backend/src/test/java/ge/magti/portal/config/LogInjectionTest.java#aLineBreakInALoggedValueCannotStartANewLogLine file:docs/security/SECURITY_CONTROLS_KA.md,"Log inventory: what each layer logs, format, destination, access and retention.",Backend + Security
V16.2.1,2,Security Logging and Error Handling,"Verify that each log entry includes necessary metadata (such as when, where, who, what) that would allow for a detailed investigation of the timeline when an event happens.",PASS,test:java-backend/src/test/java/ge/magti/portal/audit/MutationAuditServiceTest.java#recordResultCapturesFailureReasonAndRequestContext test:java-backend/src/test/java/ge/magti/portal/web/RequestTimingFilterTest.java#nginxRequestIdIsReturnedUnchangedForLogCorrelation,"Audit rows carry when, who, what, object, client address and user agent; request logs carry the request id.",Backend + Security
V16.2.2,2,Security Logging and Error Handling,"Verify that time sources for all logging components are synchronized, and that timestamps in security event metadata use UTC or include an explicit time zone offset. UTC is recommended to ensure consistency across distributed systems and to prevent confusion during daylight saving time transitions.",EXTERNAL_BLOCKED,test:java-backend/src/test/java/ge/magti/portal/util/TbilisiTimeTest.java#nowCarriesTheTbilisiOffsetExplicitly it:10,Every application timestamp carries an explicit offset; clock synchronisation (NTP) of the nodes and the SIEM is IT's.,Backend + Security
V16.2.3,2,Security Logging and Error Handling,Verify that the application only stores or broadcasts logs to the files and services that are documented in the log inventory.,PASS,test:tests/test_asvs_tripwires.py#test_logs_go_to_standard_output_only,Logs go to standard output (collected by the platform) and to the audit table; nothing else.,Backend + Security
V16.2.4,2,Security Logging and Error Handling,"Verify that logs can be read and correlated by the log processor that is in use, preferably by using a common logging format.",PASS,test:java-backend/src/test/java/ge/magti/portal/web/RequestTimingFilterTest.java#nginxRequestIdIsReturnedUnchangedForLogCorrelation,key=value request logs sharing the request id with nginx's access log.,Backend + Security
V16.2.5,2,Security Logging and Error Handling,"Verify that when logging sensitive data, the application enforces logging based on the data's protection level. For example, it may not be allowed to log certain data, such as credentials or payment details. Other data, such as session tokens, may only be logged by being hashed or masked, either in full or partially.",PASS,test:java-backend/src/test/java/ge/magti/portal/web/AuthControllerIntegrationTest.java#knownAccountFailureIsSchemaAuditedWithoutPasswordOrEmailInDetails test:java-backend/src/test/java/ge/magti/portal/export/ExportSecretRedactorTest.java#recursivelyRedactsCredentialFieldsButKeepsIntegrityHashes,Passwords and tokens are never logged or exported.,Backend + Security
V16.3.1,2,Security Logging and Error Handling,"Verify that all authentication operations are logged, including successful and unsuccessful attempts. Additional metadata, such as the type of authentication or factors used, should also be collected.",PASS,test:java-backend/src/test/java/ge/magti/portal/web/AuthControllerIntegrationTest.java#everyFailedSignInIsLoggedEvenForAnUnknownAddress test:java-backend/src/test/java/ge/magti/portal/web/AuditLogControllerIntegrationTest.java#systemAdminCanVerifyTheAuditRowTheirOwnLoginJustCreated,"Successful and failed sign-ins are recorded; an unknown address is logged with a hash, never in clear.",Backend + Security
V16.3.2,2,Security Logging and Error Handling,"Verify that failed authorization attempts are logged. For L3, this must include logging all authorization decisions, including logging when sensitive data is accessed (without logging the sensitive data itself).",PASS,test:java-backend/src/test/java/ge/magti/portal/web/AccessDenialLoggingIntegrationTest.java#aRefusedRequestIsLoggedWithWhoAndWhat,"Every 403 is logged with user id, method, path and request id.",Backend + Security
V16.3.3,2,Security Logging and Error Handling,"Verify that the application logs the security events that are defined in the documentation and also logs attempts to bypass the security controls, such as input validation, business logic, and anti-automation.",PASS,test:java-backend/src/test/java/ge/magti/portal/web/AuthControllerIntegrationTest.java#aThrottledSignInIsLogged test:java-backend/src/test/java/ge/magti/portal/web/UploadControllerIntegrationTest.java#contentThatContradictsTheDeclaredTypeIsRejected,"Throttle hits, refused uploads and denied file access are logged or audited.",Backend + Security
V16.3.4,2,Security Logging and Error Handling,Verify that the application logs unexpected errors and security control failures such as backend TLS failures.,PASS,test:java-backend/src/test/java/ge/magti/portal/web/GlobalExceptionHandlerTest.java#anUnexpectedExceptionBecomesA500WithACorrelationId test:java-backend/src/test/java/ge/magti/portal/security/CorporateAuthClientTest.java#anUnreachableServerIsUnavailable,Unexpected errors are logged with a correlation id; directory/TLS failures are logged as unavailability.,Backend + Security
V16.4.1,2,Security Logging and Error Handling,Verify that all logging components appropriately encode data to prevent log injection.,PASS,test:java-backend/src/test/java/ge/magti/portal/config/LogInjectionTest.java#aLineBreakInALoggedValueCannotStartANewLogLine,Line breaks in logged values are neutralised by the log pattern.,Backend + Security
V16.4.2,2,Security Logging and Error Handling,Verify that logs are protected from unauthorized access and cannot be modified.,EXTERNAL_BLOCKED,test:java-backend/src/test/java/ge/magti/portal/audit/AuditChainServiceTest.java#verifyDetectsADeletedPredecessor ledger:B9,The audit table is tamper-evident (hash chain); making it tamper-proof needs the external checkpoint copy (B9).,Backend + Security
V16.4.3,2,Security Logging and Error Handling,"Verify that logs are securely transmitted to a logically separate system for analysis, detection, alerting, and escalation. The aim is to ensure that if the application is breached, the logs are not compromised.",EXTERNAL_BLOCKED,it:10,Shipping logs to a separate system is the SIEM question (№10).,Backend + Security
V16.5.1,2,Security Logging and Error Handling,"Verify that a generic message is returned to the consumer when an unexpected or security-sensitive error occurs, ensuring no exposure of sensitive internal system data such as stack traces, queries, secret keys, and tokens.",PASS,test:java-backend/src/test/java/ge/magti/portal/web/GlobalExceptionHandlerTest.java#theResponseNeverEchoesTheExceptionMessage,A generic message and a correlation id; details stay in the log.,Backend + Security
V16.5.2,2,Security Logging and Error Handling,"Verify that the application continues to operate securely when external resource access fails, for example, by using patterns such as circuit breakers or graceful degradation.",PASS,test:java-backend/src/test/java/ge/magti/portal/security/CorporateAuthClientTest.java#anUnreachableServerIsUnavailable test:java-backend/src/test/java/ge/magti/portal/security/JdbcLoginAttemptStoreTest.java#aDatabaseThePoolCannotReachStopsTheSignInAtTheThrottle,"A directory outage is a 503, never a rejection; a database outage stops sign-in at the throttle.",Backend + Security
V16.5.3,2,Security Logging and Error Handling,"Verify that the application fails gracefully and securely, including when an exception occurs, preventing fail-open conditions such as processing a transaction despite errors resulting from validation logic.",PASS,test:java-backend/src/test/java/ge/magti/portal/web/ReadingAcknowledgementRollbackIntegrationTest.java#auditFailureRollsBackReadStatusAndArticleReceipt test:java-backend/src/test/java/ge/magti/portal/security/JdbcLoginAttemptStoreTest.java#aDatabaseThePoolCannotReachStopsTheSignInAtTheThrottle,Failures abort the operation; the one deliberate fail-open (a fault confined to the login_attempts table) is documented and still requires the directory's answer.,Backend + Security
V16.5.4,3,Security Logging and Error Handling,"Verify that a ""last resort"" error handler is defined which will catch all unhandled exceptions. This is both to avoid losing error details that must go to log files and to ensure that an error does not take down the entire application process, leading to a loss of availability.",OUT_OF_TARGET_LEVEL,ledger:D1,"L3: outside the target level the owner set (L2, ledger D1).",Backend + Security
V17.1.1,2,WebRTC,"Verify that the Traversal Using Relays around NAT (TURN) service only allows access to IP addresses that are not reserved for special purposes (e.g., internal networks, broadcast, loopback). Note that this applies to both IPv4 and IPv6 addresses.",N/A,test:tests/test_asvs_tripwires.py#test_no_websocket_graphql_or_webrtc,"No WebRTC, TURN or media server.",Backend + Security
V17.1.2,3,WebRTC,Verify that the Traversal Using Relays around NAT (TURN) service is not susceptible to resource exhaustion when legitimate users attempt to open a large number of ports on the TURN server.,OUT_OF_TARGET_LEVEL,ledger:D1,"L3: outside the target level the owner set (L2, ledger D1).",Backend + Security
V17.2.1,2,WebRTC,Verify that the key for the Datagram Transport Layer Security (DTLS) certificate is managed and protected based on the documented policy for management of cryptographic keys.,N/A,test:tests/test_asvs_tripwires.py#test_no_websocket_graphql_or_webrtc,"No WebRTC, TURN or media server.",Backend + Security
V17.2.2,2,WebRTC,Verify that the media server is configured to use and support approved Datagram Transport Layer Security (DTLS) cipher suites and a secure protection profile for the DTLS Extension for establishing keys for the Secure Real-time Transport Protocol (DTLS-SRTP).,N/A,test:tests/test_asvs_tripwires.py#test_no_websocket_graphql_or_webrtc,"No WebRTC, TURN or media server.",Backend + Security
V17.2.3,2,WebRTC,Verify that Secure Real-time Transport Protocol (SRTP) authentication is checked at the media server to prevent Real-time Transport Protocol (RTP) injection attacks from leading to either a Denial of Service condition or audio or video media insertion into media streams.,N/A,test:tests/test_asvs_tripwires.py#test_no_websocket_graphql_or_webrtc,"No WebRTC, TURN or media server.",Backend + Security
V17.2.4,2,WebRTC,Verify that the media server is able to continue processing incoming media traffic when encountering malformed Secure Real-time Transport Protocol (SRTP) packets.,N/A,test:tests/test_asvs_tripwires.py#test_no_websocket_graphql_or_webrtc,"No WebRTC, TURN or media server.",Backend + Security
V17.2.5,3,WebRTC,Verify that the media server is able to continue processing incoming media traffic during a flood of Secure Real-time Transport Protocol (SRTP) packets from legitimate users.,OUT_OF_TARGET_LEVEL,ledger:D1,"L3: outside the target level the owner set (L2, ledger D1).",Backend + Security
V17.2.6,3,WebRTC,"Verify that the media server is not susceptible to the ""ClientHello"" Race Condition vulnerability in Datagram Transport Layer Security (DTLS) by checking if the media server is publicly known to be vulnerable or by performing the race condition test.",OUT_OF_TARGET_LEVEL,ledger:D1,"L3: outside the target level the owner set (L2, ledger D1).",Backend + Security
V17.2.7,3,WebRTC,Verify that any audio or video recording mechanisms associated with the media server are able to continue processing incoming media traffic during a flood of Secure Real-time Transport Protocol (SRTP) packets from legitimate users.,OUT_OF_TARGET_LEVEL,ledger:D1,"L3: outside the target level the owner set (L2, ledger D1).",Backend + Security
V17.2.8,3,WebRTC,"Verify that the Datagram Transport Layer Security (DTLS) certificate is checked against the Session Description Protocol (SDP) fingerprint attribute, terminating the media stream if the check fails, to ensure the authenticity of the media stream.",OUT_OF_TARGET_LEVEL,ledger:D1,"L3: outside the target level the owner set (L2, ledger D1).",Backend + Security
V17.3.1,2,WebRTC,Verify that the signaling server is able to continue processing legitimate incoming signaling messages during a flood attack. This should be achieved by implementing rate limiting at the signaling level.,N/A,test:tests/test_asvs_tripwires.py#test_no_websocket_graphql_or_webrtc,"No WebRTC, TURN or media server.",Backend + Security
V17.3.2,2,WebRTC,"Verify that the signaling server is able to continue processing legitimate signaling messages when encountering malformed signaling message that could cause a denial of service condition. This could include implementing input validation, safely handling integer overflows, preventing buffer overflows, and employing other robust error-handling techniques.",N/A,test:tests/test_asvs_tripwires.py#test_no_websocket_graphql_or_webrtc,"No WebRTC, TURN or media server.",Backend + Security
